Origin,Destination,FlightNumber,DepartureDate,bookedPax,capacity,DepartureTime,Lid,adjustedCapacity,tbf_bookings
BLR,DEL,1359,2023-08-01,8,174,10:00,174,174,0
BLR,DEL,1336,2023-08-02,3,174,10:00,174,174,0
BLR,DEL,1359,2023-08-02,1,174,10:00,174,174,0
BLR,DEL,1359,2023-08-03,3,174,10:00,174,174,0
BLR,DEL,1359,2023-08-04,3,174,10:00,174,174,0
BLR,DEL,1359,2023-08-05,4,174,10:00,174,174,0
BLR,DEL,1359,2023-08-06,3,174,10:00,174,174,0
BLR,DEL,1359,2023-08-07,1,174,10:00,174,174,0
BLR,DEL,1359,2023-08-08,1,174,10:00,174,174,0
BLR,DEL,1359,2023-08-09,2,174,10:00,174,174,0
BLR,DEL,1336,2023-08-09,4,174,10:00,174,174,0
BLR,DEL,1359,2023-08-10,8,174,10:00,174,174,0
BLR,DEL,1359,2023-08-11,6,174,10:00,174,174,0
BLR,DEL,1359,2023-08-12,3,174,10:00,174,174,0
BLR,DEL,1359,2023-08-13,1,174,10:00,174,174,0
BLR,DEL,1359,2023-08-14,2,174,10:00,174,174,0
BLR,DEL,1359,2023-08-15,0,174,10:00,174,174,0
BLR,DEL,1359,2023-08-16,10,174,10:00,174,174,0
BLR,DEL,1336,2023-08-16,2,174,10:00,174,174,0
BLR,DEL,1359,2023-08-18,5,174,10:00,174,174,0
BLR,DEL,1359,2023-08-19,2,174,10:00,174,174,0
BLR,DEL,1359,2023-08-20,2,174,10:00,174,174,0
BLR,DEL,1359,2023-08-21,2,174,10:00,174,174,0
BLR,DEL,1359,2023-08-22,0,174,10:00,174,174,0
BLR,DEL,1359,2023-08-23,2,174,10:00,174,174,0
BLR,DEL,1336,2023-08-23,2,174,10:00,174,174,0
BLR,DEL,1359,2023-08-24,2,174,10:00,174,174,0
BLR,DEL,1359,2023-08-25,4,174,10:00,174,174,0
BLR,DEL,1359,2023-08-26,13,174,10:00,174,174,0
BLR,DEL,1359,2023-08-27,5,174,10:00,174,174,0
BLR,DEL,1359,2023-08-28,27,174,10:00,174,174,0
BLR,DEL,1359,2023-08-29,1,174,10:00,174,174,0
BLR,DEL,1336,2023-08-30,4,174,10:00,174,174,0
BLR,DEL,1359,2023-08-30,16,174,10:00,174,174,0
BLR,DEL,1359,2023-08-31,7,174,10:00,174,174,0
BLR,DEL,1359,2023-09-01,3,174,10:00,174,174,0
BLR,DEL,1359,2023-09-02,42,174,10:00,174,174,0
BLR,DEL,1359,2023-09-03,0,174,10:00,174,174,0
BLR,DEL,1359,2023-09-04,2,174,10:00,174,174,0
BLR,DEL,1359,2023-09-05,2,174,10:00,174,174,0
BLR,DEL,1336,2023-09-06,1,174,10:00,174,174,0
BLR,DEL,1359,2023-09-06,3,174,10:00,174,174,0
BLR,DEL,1359,2023-09-07,0,174,10:00,174,174,0
BLR,DEL,1359,2023-09-08,0,174,10:00,174,174,0
BLR,DEL,1359,2023-09-09,2,174,10:00,174,174,0
BLR,DEL,1359,2023-09-11,0,174,10:00,174,174,0
BLR,DEL,1359,2023-09-12,0,174,10:00,174,174,0
BLR,DEL,1336,2023-09-13,1,174,10:00,174,174,0
BLR,DEL,1359,2023-09-14,0,174,10:00,174,174,0
BLR,DEL,1359,2023-09-15,1,174,10:00,174,174,0
BLR,DEL,1359,2023-09-16,0,174,10:00,174,174,0
BLR,DEL,1359,2023-09-17,1,174,10:00,174,174,0
BLR,DEL,1359,2023-09-18,0,174,10:00,174,174,0
BLR,DEL,1359,2023-09-19,1,174,10:00,174,174,0
BLR,DEL,1359,2023-09-20,0,174,10:00,174,174,0
BLR,DEL,1336,2023-09-20,0,174,10:00,174,174,0
BLR,DEL,1359,2023-09-21,12,174,10:00,174,174,0
BLR,DEL,1359,2023-09-22,1,174,10:00,174,174,0
BLR,DEL,1359,2023-09-23,0,174,10:00,174,174,0
BLR,DEL,1359,2023-09-24,0,174,10:00,174,174,0
BLR,DEL,1359,2023-09-25,0,174,10:00,174,174,0
BLR,DEL,1359,2023-09-26,0,174,10:00,174,174,0
BLR,DEL,1359,2023-09-27,0,174,10:00,174,174,0
BLR,DEL,1336,2023-09-27,0,174,10:00,174,174,0
BLR,DEL,1359,2023-09-28,5,174,10:00,174,174,0
BLR,DEL,1359,2023-09-29,0,174,10:00,174,174,0
BLR,DEL,1359,2023-09-30,1,174,10:00,174,174,0
BLR,DEL,1359,2023-10-01,0,174,10:00,174,174,0
BLR,DEL,1359,2023-10-02,0,174,10:00,174,174,0
BLR,DEL,1359,2023-10-03,0,174,10:00,174,174,0
BLR,DEL,1359,2023-10-04,5,174,10:00,174,174,0
BLR,DEL,1336,2023-10-04,0,174,10:00,174,174,0
BLR,DEL,1359,2023-10-05,0,174,10:00,174,174,0
BLR,DEL,1359,2023-10-06,0,174,10:00,174,174,0
BLR,DEL,1359,2023-10-07,0,174,10:00,174,174,0
BLR,DEL,1359,2023-10-08,0,174,10:00,174,174,0
BLR,DEL,1359,2023-10-09,0,174,10:00,174,174,0
BLR,DEL,1359,2023-10-11,0,174,10:00,174,174,0
BLR,DEL,1336,2023-10-11,0,174,10:00,174,174,0
BLR,DEL,1359,2023-10-12,0,174,10:00,174,174,0
BLR,DEL,1359,2023-10-13,7,174,10:00,174,174,0
BLR,DEL,1359,2023-10-14,0,174,10:00,174,174,0
BLR,DEL,1359,2023-10-15,0,174,10:00,174,174,0
BLR,DEL,1359,2023-10-17,0,174,10:00,174,174,0
BLR,DEL,1336,2023-10-18,1,174,10:00,174,174,0
BLR,DEL,1359,2023-10-18,0,174,10:00,174,174,0
BLR,DEL,1359,2023-10-19,0,174,10:00,174,174,0
BLR,DEL,1359,2023-10-20,4,174,10:00,174,174,0
BLR,DEL,1359,2023-10-21,0,174,10:00,174,174,0
BLR,DEL,1359,2023-10-22,2,174,10:00,174,174,0
BLR,DEL,1359,2023-10-23,0,174,10:00,174,174,0
BLR,DEL,1359,2023-10-24,0,174,10:00,174,174,0
BLR,DEL,1359,2023-10-25,0,174,10:00,174,174,0
BLR,DEL,1336,2023-10-25,0,174,10:00,174,174,0
BLR,DEL,1359,2023-10-26,0,174,10:00,174,174,0
BLR,DEL,1359,2023-10-27,0,174,10:00,174,174,0
BLR,DEL,1359,2023-10-28,0,174,10:00,174,174,0
BLR,DEL,1359,2023-10-29,0,174,10:00,174,174,0
BLR,DEL,1336,2023-10-29,0,174,10:00,174,174,0
BLR,DEL,1359,2023-10-30,0,174,10:00,174,174,0
BLR,DEL,1336,2023-10-30,0,174,10:00,174,174,0
BLR,DEL,1336,2023-10-31,0,174,10:00,174,174,0
BLR,DEL,1359,2023-10-31,0,174,10:00,174,174,0
BLR,DEL,1359,2023-11-01,0,174,10:00,174,174,0
BLR,DEL,1336,2023-11-01,1,174,10:00,174,174,0
BLR,DEL,1359,2023-11-02,1,174,10:00,174,174,0
BLR,DEL,1336,2023-11-02,0,174,10:00,174,174,0
BLR,DEL,1336,2023-11-03,0,174,10:00,174,174,0
BLR,DEL,1359,2023-11-03,0,174,10:00,174,174,0
BLR,DEL,1359,2023-11-04,2,174,10:00,174,174,0
BLR,DEL,1336,2023-11-04,0,174,10:00,174,174,0
BLR,DEL,1359,2023-11-05,0,174,10:00,174,174,0
BLR,DEL,1336,2023-11-05,0,174,10:00,174,174,0
BLR,DEL,1359,2023-11-06,0,174,10:00,174,174,0
BLR,DEL,1336,2023-11-06,0,174,10:00,174,174,0
BLR,DEL,1336,2023-11-07,0,174,10:00,174,174,0
BLR,DEL,1359,2023-11-07,0,174,10:00,174,174,0
BLR,DEL,1359,2023-11-08,0,174,10:00,174,174,0
BLR,DEL,1336,2023-11-08,0,174,10:00,174,174,0
BLR,DEL,1336,2023-11-09,0,174,10:00,174,174,0
BLR,DEL,1359,2023-11-10,0,174,10:00,174,174,0
BLR,DEL,1336,2023-11-10,0,174,10:00,174,174,0
BLR,DEL,1359,2023-11-11,3,174,10:00,174,174,0
BLR,DEL,1336,2023-11-11,0,174,10:00,174,174,0
BLR,DEL,1359,2023-11-12,0,174,10:00,174,174,0
BLR,DEL,1336,2023-11-12,0,174,10:00,174,174,0
BLR,DEL,1336,2023-11-13,0,174,10:00,174,174,0
BLR,DEL,1359,2023-11-14,0,174,10:00,174,174,0
BLR,DEL,1336,2023-11-14,0,174,10:00,174,174,0
BLR,DEL,1336,2023-11-16,0,174,10:00,174,174,0
BLR,DEL,1359,2023-11-16,0,174,10:00,174,174,0
BLR,DEL,1359,2023-11-17,0,174,10:00,174,174,0
BLR,DEL,1336,2023-11-17,0,174,10:00,174,174,0
BLR,DEL,1359,2023-11-18,0,174,10:00,174,174,0
BLR,DEL,1336,2023-11-18,0,174,10:00,174,174,0
BLR,DEL,1336,2023-11-19,0,174,10:00,174,174,0
BLR,DEL,1359,2023-11-19,0,174,10:00,174,174,0
BLR,DEL,1336,2023-11-20,0,174,10:00,174,174,0
BLR,DEL,1359,2023-11-20,0,174,10:00,174,174,0
BLR,DEL,1359,2023-11-21,0,174,10:00,174,174,0
BLR,DEL,1336,2023-11-21,0,174,10:00,174,174,0
BLR,DEL,1359,2023-11-22,0,174,10:00,174,174,0
BLR,DEL,1336,2023-11-22,0,174,10:00,174,174,0
BLR,DEL,1359,2023-11-23,0,174,10:00,174,174,0
BLR,DEL,1336,2023-11-23,0,174,10:00,174,174,0
BLR,DEL,1359,2023-11-24,0,174,10:00,174,174,0
BLR,DEL,1336,2023-11-24,0,174,10:00,174,174,0
BLR,DEL,1359,2023-11-25,0,174,10:00,174,174,0
BLR,DEL,1336,2023-11-25,0,174,10:00,174,174,0
BLR,DEL,1359,2023-11-26,0,174,10:00,174,174,0
BLR,DEL,1336,2023-11-26,0,174,10:00,174,174,0
BLR,DEL,1336,2023-11-27,0,174,10:00,174,174,0
BLR,DEL,1359,2023-11-27,0,174,10:00,174,174,0
BLR,DEL,1359,2023-11-28,0,174,10:00,174,174,0
BLR,DEL,1336,2023-11-28,0,174,10:00,174,174,0
BLR,DEL,1359,2023-11-29,0,174,10:00,174,174,0
BLR,DEL,1336,2023-11-29,0,174,10:00,174,174,0
BLR,DEL,1359,2023-11-30,0,174,10:00,174,174,0
BLR,DEL,1336,2023-11-30,0,174,10:00,174,174,0
BLR,DEL,1336,2023-12-01,0,174,10:00,174,174,0
BLR,DEL,1359,2023-12-01,0,174,10:00,174,174,0
BLR,DEL,1336,2023-12-02,0,174,10:00,174,174,0
BLR,DEL,1359,2023-12-02,0,174,10:00,174,174,0
BLR,DEL,1359,2023-12-03,0,174,10:00,174,174,0
BLR,DEL,1336,2023-12-03,0,174,10:00,174,174,0
BLR,DEL,1359,2023-12-04,0,174,10:00,174,174,0
BLR,DEL,1336,2023-12-04,0,174,10:00,174,174,0
BLR,DEL,1336,2023-12-05,0,174,10:00,174,174,0
BLR,DEL,1359,2023-12-05,0,174,10:00,174,174,0
BLR,DEL,1359,2023-12-06,0,174,10:00,174,174,0
BLR,DEL,1336,2023-12-06,0,174,10:00,174,174,0
BLR,DEL,1359,2023-12-07,0,174,10:00,174,174,0
BLR,DEL,1336,2023-12-07,0,174,10:00,174,174,0
BLR,DEL,1359,2023-12-08,0,174,10:00,174,174,0
BLR,DEL,1336,2023-12-08,0,174,10:00,174,174,0
BLR,DEL,1336,2023-12-09,0,174,10:00,174,174,0
BLR,DEL,1336,2023-12-10,0,174,10:00,174,174,0
BLR,DEL,1359,2023-12-10,0,174,10:00,174,174,0
BLR,DEL,1359,2023-12-11,0,174,10:00,174,174,0
BLR,DEL,1336,2023-12-11,0,174,10:00,174,174,0
BLR,DEL,1359,2023-12-12,0,174,10:00,174,174,0
BLR,DEL,1336,2023-12-12,0,174,10:00,174,174,0
BLR,DEL,1359,2023-12-13,0,174,10:00,174,174,0
BLR,DEL,1336,2023-12-13,0,174,10:00,174,174,0
BLR,DEL,1336,2023-12-14,0,174,10:00,174,174,0
BLR,DEL,1359,2023-12-14,0,174,10:00,174,174,0
BLR,DEL,1336,2023-12-15,0,174,10:00,174,174,0
BLR,DEL,1336,2023-12-16,0,174,10:00,174,174,0
BLR,DEL,1359,2023-12-16,1,174,10:00,174,174,0
BLR,DEL,1359,2023-12-17,0,174,10:00,174,174,0
BLR,DEL,1336,2023-12-17,0,174,10:00,174,174,0
BLR,DEL,1336,2023-12-18,0,174,10:00,174,174,0
BLR,DEL,1359,2023-12-18,0,174,10:00,174,174,0
BLR,DEL,1336,2023-12-19,0,174,10:00,174,174,0
BLR,DEL,1359,2023-12-19,0,174,10:00,174,174,0
BLR,DEL,1359,2023-12-20,0,174,10:00,174,174,0
BLR,DEL,1336,2023-12-20,0,174,10:00,174,174,0
BLR,DEL,1359,2023-12-21,0,174,10:00,174,174,0
BLR,DEL,1336,2023-12-21,0,174,10:00,174,174,0
BLR,DEL,1336,2023-12-22,0,174,10:00,174,174,0
BLR,DEL,1359,2023-12-22,0,174,10:00,174,174,0
BLR,DEL,1359,2023-12-23,0,174,10:00,174,174,0
BLR,DEL,1336,2023-12-23,0,174,10:00,174,174,0
BLR,DEL,1336,2023-12-24,0,174,10:00,174,174,0
BLR,DEL,1359,2023-12-24,0,174,10:00,174,174,0
BLR,DEL,1359,2023-12-25,0,174,10:00,174,174,0
BLR,DEL,1336,2023-12-25,0,174,10:00,174,174,0
BLR,DEL,1336,2023-12-26,0,174,10:00,174,174,0
BLR,DEL,1359,2023-12-26,0,174,10:00,174,174,0
BLR,DEL,1359,2023-12-27,0,174,10:00,174,174,0
BLR,DEL,1336,2023-12-27,0,174,10:00,174,174,0
BLR,DEL,1336,2023-12-28,0,174,10:00,174,174,0
BLR,DEL,1359,2023-12-28,0,174,10:00,174,174,0
BLR,DEL,1359,2023-12-29,0,174,10:00,174,174,0
BLR,DEL,1336,2023-12-29,0,174,10:00,174,174,0
BLR,DEL,1359,2023-12-30,0,174,10:00,174,174,0
BLR,DEL,1336,2023-12-30,0,174,10:00,174,174,0
BLR,DEL,1359,2023-12-31,0,174,10:00,174,174,0
BLR,DEL,1336,2023-12-31,0,174,10:00,174,174,0
BLR,DEL,1359,2024-01-01,0,174,10:00,174,174,0
BLR,DEL,1336,2024-01-01,0,174,10:00,174,174,0
BLR,DEL,1359,2024-01-02,0,174,10:00,174,174,0
BLR,DEL,1336,2024-01-02,0,174,10:00,174,174,0
BLR,DEL,1336,2024-01-03,0,174,10:00,174,174,0
BLR,DEL,1359,2024-01-03,0,174,10:00,174,174,0
BLR,DEL,1359,2024-01-04,0,174,10:00,174,174,0
BLR,DEL,1336,2024-01-04,0,174,10:00,174,174,0
BLR,DEL,1359,2024-01-05,0,174,10:00,174,174,0
BLR,DEL,1336,2024-01-05,0,174,10:00,174,174,0
BLR,DEL,1359,2024-01-06,0,174,10:00,174,174,0
BLR,DEL,1336,2024-01-06,0,174,10:00,174,174,0
BLR,DEL,1336,2024-01-07,0,174,10:00,174,174,0
BLR,DEL,1359,2024-01-07,0,174,10:00,174,174,0
BLR,DEL,1359,2024-01-08,0,174,10:00,174,174,0
BLR,DEL,1336,2024-01-08,0,174,10:00,174,174,0
BLR,DEL,1359,2024-01-09,0,174,10:00,174,174,0
BLR,DEL,1336,2024-01-09,0,174,10:00,174,174,0
BLR,DEL,1359,2024-01-10,0,174,10:00,174,174,0
BLR,DEL,1336,2024-01-10,0,174,10:00,174,174,0
BLR,DEL,1336,2024-01-11,0,174,10:00,174,174,0
BLR,DEL,1359,2024-01-11,0,174,10:00,174,174,0
BLR,DEL,1359,2024-01-12,0,174,10:00,174,174,0
BLR,DEL,1336,2024-01-12,0,174,10:00,174,174,0
BLR,DEL,1336,2024-01-13,0,174,10:00,174,174,0
BLR,DEL,1359,2024-01-13,0,174,10:00,174,174,0
BLR,DEL,1336,2024-01-14,0,174,10:00,174,174,0
BLR,DEL,1336,2024-01-15,0,174,10:00,174,174,0
BLR,DEL,1359,2024-01-15,0,174,10:00,174,174,0
BLR,DEL,1359,2024-01-16,0,174,10:00,174,174,0
BLR,DEL,1336,2024-01-16,0,174,10:00,174,174,0
BLR,DEL,1336,2024-01-17,0,174,10:00,174,174,0
BLR,DEL,1359,2024-01-17,0,174,10:00,174,174,0
BLR,DEL,1359,2024-01-18,0,174,10:00,174,174,0
BLR,DEL,1336,2024-01-18,0,174,10:00,174,174,0
BLR,DEL,1359,2024-01-19,0,174,10:00,174,174,0
BLR,DEL,1336,2024-01-19,0,174,10:00,174,174,0
BLR,DEL,1359,2024-01-20,0,174,10:00,174,174,0
BLR,DEL,1336,2024-01-20,0,174,10:00,174,174,0
BLR,DEL,1359,2024-01-21,0,174,10:00,174,174,0
BLR,DEL,1336,2024-01-21,0,174,10:00,174,174,0
BLR,DEL,1359,2024-01-22,0,174,10:00,174,174,0
BLR,DEL,1336,2024-01-22,0,174,10:00,174,174,0
BLR,DEL,1336,2024-01-23,0,174,10:00,174,174,0
BLR,DEL,1359,2024-01-23,0,174,10:00,174,174,0
BLR,DEL,1359,2024-01-24,0,174,10:00,174,174,0
BLR,DEL,1336,2024-01-24,0,174,10:00,174,174,0
BLR,DEL,1336,2024-01-25,0,174,10:00,174,174,0
BLR,DEL,1359,2024-01-25,0,174,10:00,174,174,0
BLR,DEL,1359,2024-01-26,0,174,10:00,174,174,0
BLR,DEL,1336,2024-01-26,0,174,10:00,174,174,0
BLR,DEL,1336,2024-01-27,0,174,10:00,174,174,0
BLR,DEL,1359,2024-01-27,0,174,10:00,174,174,0
BLR,DEL,1359,2024-01-28,0,174,10:00,174,174,0
BLR,DEL,1336,2024-01-28,0,174,10:00,174,174,0
BLR,DEL,1359,2024-01-29,0,174,10:00,174,174,0
BLR,DEL,1336,2024-01-29,0,174,10:00,174,174,0
BLR,DEL,1336,2024-01-30,0,174,10:00,174,174,0
BLR,DEL,1359,2024-01-30,0,174,10:00,174,174,0
BLR,DEL,1336,2024-01-31,0,174,10:00,174,174,0
BLR,DEL,1359,2024-01-31,0,174,10:00,174,174,0
BLR,GAU,1323,2023-08-01,8,189,10:00,189,189,0
BLR,GAU,1134,2023-08-01,30,189,10:00,189,189,0
BLR,GAU,1134,2023-08-02,30,189,10:00,189,189,0
BLR,GAU,1323,2023-08-02,2,189,10:00,189,189,0
BLR,GAU,1134,2023-08-03,30,189,10:00,189,189,0
BLR,GAU,1323,2023-08-03,15,189,10:00,189,189,0
BLR,GAU,1323,2023-08-04,7,189,10:00,189,189,0
BLR,GAU,1134,2023-08-04,32,189,10:00,189,189,0
BLR,GAU,1134,2023-08-05,32,189,10:00,189,189,0
BLR,GAU,1323,2023-08-05,9,189,10:00,189,189,0
BLR,GAU,1323,2023-08-06,10,189,10:00,189,189,0
BLR,GAU,1134,2023-08-06,33,189,10:00,189,189,0
BLR,GAU,1134,2023-08-07,30,189,10:00,189,189,0
BLR,GAU,1323,2023-08-07,5,189,10:00,189,189,0
BLR,GAU,1323,2023-08-08,7,189,10:00,189,189,0
BLR,GAU,1134,2023-08-08,31,189,10:00,189,189,0
BLR,GAU,1134,2023-08-09,30,189,10:00,189,189,0
BLR,GAU,1323,2023-08-09,6,189,10:00,189,189,0
BLR,GAU,1323,2023-08-10,9,189,10:00,189,189,0
BLR,GAU,1134,2023-08-10,30,189,10:00,189,189,0
BLR,GAU,1323,2023-08-11,1,189,10:00,189,189,0
BLR,GAU,1134,2023-08-11,30,189,10:00,189,189,0
BLR,GAU,1323,2023-08-12,7,189,10:00,189,189,0
BLR,GAU,1134,2023-08-12,30,189,10:00,189,189,0
BLR,GAU,1134,2023-08-13,30,189,10:00,189,189,0
BLR,GAU,1323,2023-08-13,6,189,10:00,189,189,0
BLR,GAU,1323,2023-08-14,1,189,10:00,189,189,0
BLR,GAU,1134,2023-08-14,30,189,10:00,189,189,0
BLR,GAU,1134,2023-08-15,30,189,10:00,189,189,0
BLR,GAU,1323,2023-08-15,2,189,10:00,189,189,0
BLR,GAU,1323,2023-08-16,0,189,10:00,189,189,0
BLR,GAU,1134,2023-08-16,30,189,10:00,189,189,0
BLR,GAU,1134,2023-08-17,30,189,10:00,189,189,0
BLR,GAU,1323,2023-08-17,8,189,10:00,189,189,0
BLR,GAU,1323,2023-08-18,1,189,10:00,189,189,0
BLR,GAU,1134,2023-08-18,30,189,10:00,189,189,0
BLR,GAU,1323,2023-08-19,5,189,10:00,189,189,0
BLR,GAU,1134,2023-08-19,30,189,10:00,189,189,0
BLR,GAU,1323,2023-08-20,1,189,10:00,189,189,0
BLR,GAU,1134,2023-08-20,30,189,10:00,189,189,0
BLR,GAU,1134,2023-08-21,30,189,10:00,189,189,0
BLR,GAU,1323,2023-08-21,0,189,10:00,189,189,0
BLR,GAU,1323,2023-08-22,3,189,10:00,189,189,0
BLR,GAU,1134,2023-08-22,30,189,10:00,189,189,0
BLR,GAU,1134,2023-08-23,30,189,10:00,189,189,0
BLR,GAU,1323,2023-08-23,0,189,10:00,189,189,0
BLR,GAU,1323,2023-08-24,1,189,10:00,189,189,0
BLR,GAU,1134,2023-08-24,30,189,10:00,189,189,0
BLR,GAU,1134,2023-08-25,30,189,10:00,189,189,0
BLR,GAU,1323,2023-08-25,0,189,10:00,189,189,0
BLR,GAU,1323,2023-08-26,2,189,10:00,189,189,0
BLR,GAU,1134,2023-08-26,30,189,10:00,189,189,0
BLR,GAU,1134,2023-08-27,30,189,10:00,189,189,0
BLR,GAU,1323,2023-08-27,1,189,10:00,189,189,0
BLR,GAU,1323,2023-08-28,4,189,10:00,189,189,0
BLR,GAU,1134,2023-08-28,30,189,10:00,189,189,0
BLR,GAU,1134,2023-08-29,30,189,10:00,189,189,0
BLR,GAU,1323,2023-08-29,2,189,10:00,189,189,0
BLR,GAU,1323,2023-08-30,0,189,10:00,189,189,0
BLR,GAU,1134,2023-08-30,30,189,10:00,189,189,0
BLR,GAU,1323,2023-08-31,4,189,10:00,189,189,0
BLR,GAU,1134,2023-08-31,30,189,10:00,189,189,0
BLR,GAU,1323,2023-09-01,4,189,10:00,189,189,0
BLR,GAU,1134,2023-09-01,22,189,10:00,189,189,0
BLR,GAU,1134,2023-09-02,20,189,10:00,189,189,0
BLR,GAU,1323,2023-09-02,7,189,10:00,189,189,0
BLR,GAU,1323,2023-09-03,3,189,10:00,189,189,0
BLR,GAU,1134,2023-09-03,20,189,10:00,189,189,0
BLR,GAU,1134,2023-09-04,20,189,10:00,189,189,0
BLR,GAU,1323,2023-09-04,1,189,10:00,189,189,0
BLR,GAU,1323,2023-09-05,0,189,10:00,189,189,0
BLR,GAU,1134,2023-09-05,20,189,10:00,189,189,0
BLR,GAU,1134,2023-09-06,20,189,10:00,189,189,0
BLR,GAU,1323,2023-09-06,0,189,10:00,189,189,0
BLR,GAU,1323,2023-09-07,1,189,10:00,189,189,0
BLR,GAU,1134,2023-09-07,30,189,10:00,189,189,0
BLR,GAU,1134,2023-09-08,21,189,10:00,189,189,0
BLR,GAU,1323,2023-09-08,0,189,10:00,189,189,0
BLR,GAU,1323,2023-09-09,0,189,10:00,189,189,0
BLR,GAU,1134,2023-09-09,20,189,10:00,189,189,0
BLR,GAU,1134,2023-09-10,20,189,10:00,189,189,0
BLR,GAU,1323,2023-09-10,3,189,10:00,189,189,0
BLR,GAU,1323,2023-09-11,0,189,10:00,189,189,0
BLR,GAU,1134,2023-09-11,20,189,10:00,189,189,0
BLR,GAU,1134,2023-09-12,23,189,10:00,189,189,0
BLR,GAU,1323,2023-09-12,0,189,10:00,189,189,0
BLR,GAU,1323,2023-09-13,0,189,10:00,189,189,0
BLR,GAU,1134,2023-09-13,20,189,10:00,189,189,0
BLR,GAU,1134,2023-09-14,20,189,10:00,189,189,0
BLR,GAU,1323,2023-09-14,4,189,10:00,189,189,0
BLR,GAU,1323,2023-09-15,2,189,10:00,189,189,0
BLR,GAU,1134,2023-09-15,30,189,10:00,189,189,0
BLR,GAU,1134,2023-09-16,20,189,10:00,189,189,0
BLR,GAU,1323,2023-09-16,7,189,10:00,189,189,0
BLR,GAU,1134,2023-09-17,20,189,10:00,189,189,0
BLR,GAU,1323,2023-09-17,5,189,10:00,189,189,0
BLR,GAU,1323,2023-09-18,3,189,10:00,189,189,0
BLR,GAU,1134,2023-09-18,20,189,10:00,189,189,0
BLR,GAU,1134,2023-09-19,30,189,10:00,189,189,0
BLR,GAU,1323,2023-09-19,0,189,10:00,189,189,0
BLR,GAU,1323,2023-09-20,4,189,10:00,189,189,0
BLR,GAU,1134,2023-09-20,20,189,10:00,189,189,0
BLR,GAU,1323,2023-09-21,0,189,10:00,189,189,0
BLR,GAU,1134,2023-09-21,20,189,10:00,189,189,0
BLR,GAU,1134,2023-09-22,30,189,10:00,189,189,0
BLR,GAU,1323,2023-09-22,1,189,10:00,189,189,0
BLR,GAU,1323,2023-09-23,4,189,10:00,189,189,0
BLR,GAU,1134,2023-09-23,20,189,10:00,189,189,0
BLR,GAU,1134,2023-09-24,20,189,10:00,189,189,0
BLR,GAU,1323,2023-09-24,0,189,10:00,189,189,0
BLR,GAU,1323,2023-09-25,5,189,10:00,189,189,0
BLR,GAU,1134,2023-09-25,20,189,10:00,189,189,0
BLR,GAU,1323,2023-09-26,3,189,10:00,189,189,0
BLR,GAU,1134,2023-09-26,30,189,10:00,189,189,0
BLR,GAU,1134,2023-09-27,21,189,10:00,189,189,0
BLR,GAU,1323,2023-09-27,0,189,10:00,189,189,0
BLR,GAU,1323,2023-09-28,4,189,10:00,189,189,0
BLR,GAU,1134,2023-09-28,20,189,10:00,189,189,0
BLR,GAU,1134,2023-09-29,20,189,10:00,189,189,0
BLR,GAU,1323,2023-09-29,0,189,10:00,189,189,0
BLR,GAU,1323,2023-09-30,7,189,10:00,189,189,0
BLR,GAU,1134,2023-09-30,25,189,10:00,189,189,0
BLR,GAU,1134,2023-10-01,20,189,10:00,189,189,0
BLR,GAU,1323,2023-10-01,1,189,10:00,189,189,0
BLR,GAU,1323,2023-10-02,0,189,10:00,189,189,0
BLR,GAU,1134,2023-10-02,22,189,10:00,189,189,0
BLR,GAU,1134,2023-10-03,20,189,10:00,189,189,0
BLR,GAU,1323,2023-10-03,0,189,10:00,189,189,0
BLR,GAU,1323,2023-10-04,1,189,10:00,189,189,0
BLR,GAU,1134,2023-10-04,20,189,10:00,189,189,0
BLR,GAU,1134,2023-10-05,20,189,10:00,189,189,0
BLR,GAU,1323,2023-10-05,0,189,10:00,189,189,0
BLR,GAU,1323,2023-10-06,1,189,10:00,189,189,0
BLR,GAU,1134,2023-10-06,21,189,10:00,189,189,0
BLR,GAU,1323,2023-10-07,2,189,10:00,189,189,0
BLR,GAU,1134,2023-10-07,20,189,10:00,189,189,0
BLR,GAU,1323,2023-10-08,1,189,10:00,189,189,0
BLR,GAU,1134,2023-10-08,20,189,10:00,189,189,0
BLR,GAU,1134,2023-10-09,20,189,10:00,189,189,0
BLR,GAU,1323,2023-10-09,4,189,10:00,189,189,0
BLR,GAU,1323,2023-10-10,0,189,10:00,189,189,0
BLR,GAU,1134,2023-10-10,20,189,10:00,189,189,0
BLR,GAU,1323,2023-10-11,0,189,10:00,189,189,0
BLR,GAU,1134,2023-10-11,20,189,10:00,189,189,0
BLR,GAU,1323,2023-10-12,3,189,10:00,189,189,0
BLR,GAU,1134,2023-10-12,20,189,10:00,189,189,0
BLR,GAU,1134,2023-10-13,20,189,10:00,189,189,0
BLR,GAU,1323,2023-10-13,0,189,10:00,189,189,0
BLR,GAU,1323,2023-10-14,19,189,10:00,189,189,0
BLR,GAU,1134,2023-10-14,20,189,10:00,189,189,0
BLR,GAU,1323,2023-10-15,17,189,10:00,189,189,0
BLR,GAU,1134,2023-10-15,22,189,10:00,189,189,0
BLR,GAU,1323,2023-10-16,9,189,10:00,189,189,0
BLR,GAU,1134,2023-10-16,0,189,10:00,189,189,0
BLR,GAU,1134,2023-10-17,0,189,10:00,189,189,0
BLR,GAU,1323,2023-10-17,14,189,10:00,189,189,0
BLR,GAU,1323,2023-10-18,35,189,10:00,189,189,0
BLR,GAU,1134,2023-10-18,9,189,10:00,189,189,0
BLR,GAU,1134,2023-10-19,9,189,10:00,189,189,0
BLR,GAU,1323,2023-10-19,11,189,10:00,189,189,0
BLR,GAU,1323,2023-10-20,3,189,10:00,189,189,0
BLR,GAU,1134,2023-10-20,20,189,10:00,189,189,0
BLR,GAU,1134,2023-10-21,15,189,10:00,189,189,0
BLR,GAU,1323,2023-10-21,13,189,10:00,189,189,0
BLR,GAU,1323,2023-10-22,1,189,10:00,189,189,0
BLR,GAU,1134,2023-10-22,6,189,10:00,189,189,0
BLR,GAU,1323,2023-10-23,0,189,10:00,189,189,0
BLR,GAU,1134,2023-10-23,0,189,10:00,189,189,0
BLR,GAU,1323,2023-10-24,1,189,10:00,189,189,0
BLR,GAU,1134,2023-10-24,31,189,10:00,189,189,0
BLR,GAU,1134,2023-10-25,7,189,10:00,189,189,0
BLR,GAU,1323,2023-10-25,3,189,10:00,189,189,0
BLR,GAU,1323,2023-10-26,0,189,10:00,189,189,0
BLR,GAU,1134,2023-10-26,3,189,10:00,189,189,0
BLR,GAU,1134,2023-10-27,0,189,10:00,189,189,0
BLR,GAU,1323,2023-10-27,2,189,10:00,189,189,0
BLR,GAU,1323,2023-10-28,0,189,10:00,189,189,0
BLR,GAU,1134,2023-10-28,0,189,10:00,189,189,0
BLR,GAU,1134,2023-10-29,2,189,10:00,189,189,0
BLR,GAU,1323,2023-10-29,11,189,10:00,189,189,0
BLR,GAU,1323,2023-10-30,4,189,10:00,189,189,0
BLR,GAU,1134,2023-10-30,0,189,10:00,189,189,0
BLR,GAU,1323,2023-10-31,2,189,10:00,189,189,0
BLR,GAU,1134,2023-10-31,0,189,10:00,189,189,0
BLR,GAU,1323,2023-11-01,3,189,10:00,189,189,0
BLR,GAU,1134,2023-11-01,2,189,10:00,189,189,0
BLR,GAU,1134,2023-11-02,2,189,10:00,189,189,0
BLR,GAU,1323,2023-11-02,2,189,10:00,189,189,0
BLR,GAU,1323,2023-11-03,2,189,10:00,189,189,0
BLR,GAU,1134,2023-11-03,0,189,10:00,189,189,0
BLR,GAU,1134,2023-11-04,0,189,10:00,189,189,0
BLR,GAU,1323,2023-11-04,4,189,10:00,189,189,0
BLR,GAU,1134,2023-11-05,0,189,10:00,189,189,0
BLR,GAU,1323,2023-11-05,0,189,10:00,189,189,0
BLR,GAU,1323,2023-11-06,0,189,10:00,189,189,0
BLR,GAU,1134,2023-11-06,0,189,10:00,189,189,0
BLR,GAU,1134,2023-11-07,0,189,10:00,189,189,0
BLR,GAU,1323,2023-11-07,0,189,10:00,189,189,0
BLR,GAU,1323,2023-11-08,0,189,10:00,189,189,0
BLR,GAU,1134,2023-11-08,0,189,10:00,189,189,0
BLR,GAU,1323,2023-11-09,1,189,10:00,189,189,0
BLR,GAU,1134,2023-11-09,30,189,10:00,189,189,0
BLR,GAU,1134,2023-11-10,22,189,10:00,189,189,0
BLR,GAU,1323,2023-11-10,12,189,10:00,189,189,0
BLR,GAU,1323,2023-11-11,2,189,10:00,189,189,0
BLR,GAU,1134,2023-11-11,20,189,10:00,189,189,0
BLR,GAU,1134,2023-11-12,0,189,10:00,189,189,0
BLR,GAU,1323,2023-11-12,0,189,10:00,189,189,0
BLR,GAU,1134,2023-11-13,0,189,10:00,189,189,0
BLR,GAU,1323,2023-11-13,1,189,10:00,189,189,0
BLR,GAU,1323,2023-11-14,0,189,10:00,189,189,0
BLR,GAU,1134,2023-11-14,0,189,10:00,189,189,0
BLR,GAU,1134,2023-11-15,0,189,10:00,189,189,0
BLR,GAU,1323,2023-11-15,0,189,10:00,189,189,0
BLR,GAU,1323,2023-11-16,6,189,10:00,189,189,0
BLR,GAU,1134,2023-11-16,0,189,10:00,189,189,0
BLR,GAU,1134,2023-11-17,3,189,10:00,189,189,0
BLR,GAU,1323,2023-11-17,2,189,10:00,189,189,0
BLR,GAU,1323,2023-11-18,1,189,10:00,189,189,0
BLR,GAU,1134,2023-11-18,0,189,10:00,189,189,0
BLR,GAU,1134,2023-11-19,0,189,10:00,189,189,0
BLR,GAU,1323,2023-11-19,0,189,10:00,189,189,0
BLR,GAU,1323,2023-11-20,0,189,10:00,189,189,0
BLR,GAU,1134,2023-11-20,0,189,10:00,189,189,0
BLR,GAU,1323,2023-11-21,0,189,10:00,189,189,0
BLR,GAU,1134,2023-11-21,0,189,10:00,189,189,0
BLR,GAU,1323,2023-11-22,0,189,10:00,189,189,0
BLR,GAU,1134,2023-11-22,0,189,10:00,189,189,0
BLR,GAU,1134,2023-11-23,0,189,10:00,189,189,0
BLR,GAU,1323,2023-11-23,3,189,10:00,189,189,0
BLR,GAU,1323,2023-11-24,6,189,10:00,189,189,0
BLR,GAU,1134,2023-11-24,3,189,10:00,189,189,0
BLR,GAU,1134,2023-11-25,0,189,10:00,189,189,0
BLR,GAU,1323,2023-11-25,3,189,10:00,189,189,0
BLR,GAU,1323,2023-11-26,0,189,10:00,189,189,0
BLR,GAU,1134,2023-11-26,0,189,10:00,189,189,0
BLR,GAU,1134,2023-11-27,0,189,10:00,189,189,0
BLR,GAU,1323,2023-11-27,4,189,10:00,189,189,0
BLR,GAU,1323,2023-11-28,0,189,10:00,189,189,0
BLR,GAU,1134,2023-11-28,2,189,10:00,189,189,0
BLR,GAU,1323,2023-11-29,0,189,10:00,189,189,0
BLR,GAU,1134,2023-11-29,0,189,10:00,189,189,0
BLR,GAU,1323,2023-11-30,10,189,10:00,189,189,0
BLR,GAU,1134,2023-11-30,0,189,10:00,189,189,0
BLR,GAU,1134,2023-12-01,0,189,10:00,189,189,0
BLR,GAU,1323,2023-12-01,0,189,10:00,189,189,0
BLR,GAU,1323,2023-12-02,10,189,10:00,189,189,0
BLR,GAU,1134,2023-12-02,0,189,10:00,189,189,0
BLR,GAU,1323,2023-12-03,10,189,10:00,189,189,0
BLR,GAU,1134,2023-12-03,0,189,10:00,189,189,0
BLR,GAU,1323,2023-12-04,10,189,10:00,189,189,0
BLR,GAU,1134,2023-12-04,0,189,10:00,189,189,0
BLR,GAU,1134,2023-12-05,0,189,10:00,189,189,0
BLR,GAU,1323,2023-12-05,10,189,10:00,189,189,0
BLR,GAU,1323,2023-12-06,18,189,10:00,189,189,0
BLR,GAU,1134,2023-12-06,0,189,10:00,189,189,0
BLR,GAU,1134,2023-12-07,0,189,10:00,189,189,0
BLR,GAU,1323,2023-12-07,10,189,10:00,189,189,0
BLR,GAU,1323,2023-12-08,10,189,10:00,189,189,0
BLR,GAU,1134,2023-12-08,0,189,10:00,189,189,0
BLR,GAU,1134,2023-12-09,0,189,10:00,189,189,0
BLR,GAU,1323,2023-12-09,11,189,10:00,189,189,0
BLR,GAU,1323,2023-12-10,12,189,10:00,189,189,0
BLR,GAU,1134,2023-12-10,0,189,10:00,189,189,0
BLR,GAU,1134,2023-12-11,0,189,10:00,189,189,0
BLR,GAU,1323,2023-12-11,10,189,10:00,189,189,0
BLR,GAU,1323,2023-12-12,10,189,10:00,189,189,0
BLR,GAU,1134,2023-12-12,0,189,10:00,189,189,0
BLR,GAU,1134,2023-12-13,0,189,10:00,189,189,0
BLR,GAU,1323,2023-12-13,14,189,10:00,189,189,0
BLR,GAU,1323,2023-12-14,2,189,10:00,189,189,0
BLR,GAU,1134,2023-12-14,0,189,10:00,189,189,0
BLR,GAU,1134,2023-12-15,0,189,10:00,189,189,0
BLR,GAU,1323,2023-12-15,0,189,10:00,189,189,0
BLR,GAU,1323,2023-12-16,0,189,10:00,189,189,0
BLR,GAU,1134,2023-12-16,0,189,10:00,189,189,0
BLR,GAU,1134,2023-12-17,0,189,10:00,189,189,0
BLR,GAU,1323,2023-12-17,1,189,10:00,189,189,0
BLR,GAU,1323,2023-12-18,0,189,10:00,189,189,0
BLR,GAU,1134,2023-12-18,0,189,10:00,189,189,0
BLR,GAU,1134,2023-12-19,0,189,10:00,189,189,0
BLR,GAU,1323,2023-12-19,0,189,10:00,189,189,0
BLR,GAU,1323,2023-12-20,3,189,10:00,189,189,0
BLR,GAU,1134,2023-12-20,1,189,10:00,189,189,0
BLR,GAU,1134,2023-12-21,0,189,10:00,189,189,0
BLR,GAU,1323,2023-12-21,6,189,10:00,189,189,0
BLR,GAU,1323,2023-12-22,19,189,10:00,189,189,0
BLR,GAU,1134,2023-12-22,0,189,10:00,189,189,0
BLR,GAU,1134,2023-12-23,6,189,10:00,189,189,0
BLR,GAU,1323,2023-12-23,30,189,10:00,189,189,0
BLR,GAU,1134,2023-12-24,1,189,10:00,189,189,0
BLR,GAU,1323,2023-12-24,23,189,10:00,189,189,0
BLR,GAU,1323,2023-12-25,0,189,10:00,189,189,0
BLR,GAU,1134,2023-12-25,0,189,10:00,189,189,0
BLR,GAU,1134,2023-12-26,0,189,10:00,189,189,0
BLR,GAU,1323,2023-12-26,1,189,10:00,189,189,0
BLR,GAU,1323,2023-12-27,0,189,10:00,189,189,0
BLR,GAU,1134,2023-12-27,0,189,10:00,189,189,0
BLR,GAU,1134,2023-12-28,0,189,10:00,189,189,0
BLR,GAU,1323,2023-12-28,0,189,10:00,189,189,0
BLR,GAU,1323,2023-12-29,0,189,10:00,189,189,0
BLR,GAU,1134,2023-12-29,0,189,10:00,189,189,0
BLR,GAU,1134,2023-12-30,0,189,10:00,189,189,0
BLR,GAU,1323,2023-12-30,0,189,10:00,189,189,0
BLR,GAU,1323,2023-12-31,1,189,10:00,189,189,0
BLR,GAU,1134,2023-12-31,0,189,10:00,189,189,0
BLR,GAU,1323,2024-01-01,0,189,10:00,189,189,0
BLR,GAU,1134,2024-01-01,0,189,10:00,189,189,0
BLR,GAU,1323,2024-01-02,0,189,10:00,189,189,0
BLR,GAU,1134,2024-01-02,0,189,10:00,189,189,0
BLR,GAU,1134,2024-01-03,0,189,10:00,189,189,0
BLR,GAU,1323,2024-01-03,0,189,10:00,189,189,0
BLR,GAU,1323,2024-01-04,0,189,10:00,189,189,0
BLR,GAU,1134,2024-01-04,0,189,10:00,189,189,0
BLR,GAU,1323,2024-01-05,0,189,10:00,189,189,0
BLR,GAU,1134,2024-01-05,0,189,10:00,189,189,0
BLR,GAU,1323,2024-01-06,0,189,10:00,189,189,0
BLR,GAU,1134,2024-01-06,0,189,10:00,189,189,0
BLR,GAU,1134,2024-01-07,0,189,10:00,189,189,0
BLR,GAU,1323,2024-01-07,0,189,10:00,189,189,0
BLR,GAU,1323,2024-01-08,0,189,10:00,189,189,0
BLR,GAU,1134,2024-01-08,0,189,10:00,189,189,0
BLR,GAU,1323,2024-01-09,0,189,10:00,189,189,0
BLR,GAU,1134,2024-01-09,0,189,10:00,189,189,0
BLR,GAU,1323,2024-01-10,0,189,10:00,189,189,0
BLR,GAU,1134,2024-01-10,0,189,10:00,189,189,0
BLR,GAU,1134,2024-01-11,0,189,10:00,189,189,0
BLR,GAU,1323,2024-01-11,0,189,10:00,189,189,0
BLR,GAU,1323,2024-01-12,0,189,10:00,189,189,0
BLR,GAU,1134,2024-01-12,0,189,10:00,189,189,0
BLR,GAU,1323,2024-01-13,0,189,10:00,189,189,0
BLR,GAU,1134,2024-01-13,0,189,10:00,189,189,0
BLR,GAU,1323,2024-01-14,0,189,10:00,189,189,0
BLR,GAU,1134,2024-01-14,0,189,10:00,189,189,0
BLR,GAU,1134,2024-01-15,0,189,10:00,189,189,0
BLR,GAU,1323,2024-01-15,0,189,10:00,189,189,0
BLR,GAU,1323,2024-01-16,0,189,10:00,189,189,0
BLR,GAU,1134,2024-01-16,0,189,10:00,189,189,0
BLR,GAU,1323,2024-01-17,0,189,10:00,189,189,0
BLR,GAU,1134,2024-01-17,0,189,10:00,189,189,0
BLR,GAU,1323,2024-01-18,0,189,10:00,189,189,0
BLR,GAU,1134,2024-01-18,0,189,10:00,189,189,0
BLR,GAU,1134,2024-01-19,0,189,10:00,189,189,0
BLR,GAU,1323,2024-01-19,0,189,10:00,189,189,0
BLR,GAU,1323,2024-01-20,0,189,10:00,189,189,0
BLR,GAU,1134,2024-01-20,0,189,10:00,189,189,0
BLR,GAU,1323,2024-01-21,0,189,10:00,189,189,0
BLR,GAU,1134,2024-01-21,0,189,10:00,189,189,0
BLR,GAU,1323,2024-01-22,0,189,10:00,189,189,0
BLR,GAU,1134,2024-01-22,0,189,10:00,189,189,0
BLR,GAU,1134,2024-01-23,0,189,10:00,189,189,0
BLR,GAU,1323,2024-01-23,0,189,10:00,189,189,0
BLR,GAU,1323,2024-01-24,0,189,10:00,189,189,0
BLR,GAU,1134,2024-01-24,0,189,10:00,189,189,0
BLR,GAU,1134,2024-01-25,1,189,10:00,189,189,0
BLR,GAU,1323,2024-01-25,0,189,10:00,189,189,0
BLR,GAU,1323,2024-01-26,0,189,10:00,189,189,0
BLR,GAU,1134,2024-01-26,0,189,10:00,189,189,0
BLR,GAU,1134,2024-01-27,0,189,10:00,189,189,0
BLR,GAU,1323,2024-01-27,0,189,10:00,189,189,0
BLR,GAU,1323,2024-01-28,0,189,10:00,189,189,0
BLR,GAU,1134,2024-01-28,0,189,10:00,189,189,0
BLR,GAU,1323,2024-01-29,0,189,10:00,189,189,0
BLR,GAU,1134,2024-01-29,0,189,10:00,189,189,0
BLR,GAU,1323,2024-01-30,0,189,10:00,189,189,0
BLR,GAU,1134,2024-01-30,0,189,10:00,189,189,0
BLR,GAU,1134,2024-01-31,0,189,10:00,189,189,0
BLR,GAU,1323,2024-01-31,0,189,10:00,189,189,0
BOM,DEL,1117,2023-08-01,0,174,10:00,174,174,0
BOM,DEL,1127,2023-08-01,10,189,10:00,189,189,0
BOM,DEL,1127,2023-08-02,10,189,10:00,189,189,0
BOM,DEL,1117,2023-08-02,0,174,10:00,174,174,0
BOM,DEL,1117,2023-08-03,0,174,10:00,174,174,0
BOM,DEL,1127,2023-08-03,10,189,10:00,189,189,0
BOM,DEL,1127,2023-08-04,10,189,10:00,189,189,0
BOM,DEL,1117,2023-08-04,0,174,10:00,174,174,0
BOM,DEL,1117,2023-08-05,0,174,10:00,174,174,0
BOM,DEL,1127,2023-08-05,10,189,10:00,189,189,0
BOM,DEL,1117,2023-08-06,0,174,10:00,174,174,0
BOM,DEL,1127,2023-08-06,10,189,10:00,189,189,0
BOM,DEL,1117,2023-08-07,0,174,10:00,174,174,0
BOM,DEL,1127,2023-08-07,10,189,10:00,189,189,0
BOM,DEL,1127,2023-08-08,10,189,10:00,189,189,0
BOM,DEL,1117,2023-08-08,0,174,10:00,174,174,0
BOM,DEL,1117,2023-08-09,0,174,10:00,174,174,0
BOM,DEL,1127,2023-08-09,10,189,10:00,189,189,0
BOM,DEL,1127,2023-08-10,10,189,10:00,189,189,0
BOM,DEL,1117,2023-08-10,0,174,10:00,174,174,0
BOM,DEL,1117,2023-08-11,0,174,10:00,174,174,0
BOM,DEL,1127,2023-08-11,0,189,10:00,189,189,0
BOM,DEL,1127,2023-08-12,29,189,10:00,189,189,0
BOM,DEL,1117,2023-08-12,0,174,10:00,174,174,0
BOM,DEL,1117,2023-08-13,0,174,10:00,174,174,0
BOM,DEL,1127,2023-08-13,0,189,10:00,189,189,0
BOM,DEL,1117,2023-08-14,0,174,10:00,174,174,0
BOM,DEL,1127,2023-08-14,0,189,10:00,189,189,0
BOM,DEL,1127,2023-08-15,2,189,10:00,189,189,0
BOM,DEL,1117,2023-08-15,0,174,10:00,174,174,0
BOM,DEL,1127,2023-08-16,0,189,10:00,189,189,0
BOM,DEL,1117,2023-08-16,0,174,10:00,174,174,0
BOM,DEL,1117,2023-08-17,0,174,10:00,174,174,0
BOM,DEL,1127,2023-08-17,6,189,10:00,189,189,0
BOM,DEL,1127,2023-08-18,0,189,10:00,189,189,0
BOM,DEL,1117,2023-08-18,0,174,10:00,174,174,0
BOM,DEL,1117,2023-08-19,0,174,10:00,174,174,0
BOM,DEL,1127,2023-08-19,0,189,10:00,189,189,0
BOM,DEL,1127,2023-08-20,0,189,10:00,189,189,0
BOM,DEL,1117,2023-08-20,0,174,10:00,174,174,0
BOM,DEL,1117,2023-08-21,0,174,10:00,174,174,0
BOM,DEL,1127,2023-08-21,1,189,10:00,189,189,0
BOM,DEL,1127,2023-08-22,0,189,10:00,189,189,0
BOM,DEL,1117,2023-08-22,0,174,10:00,174,174,0
BOM,DEL,1117,2023-08-23,0,174,10:00,174,174,0
BOM,DEL,1127,2023-08-23,0,189,10:00,189,189,0
BOM,DEL,1127,2023-08-24,0,189,10:00,189,189,0
BOM,DEL,1117,2023-08-24,0,174,10:00,174,174,0
BOM,DEL,1117,2023-08-25,0,174,10:00,174,174,0
BOM,DEL,1127,2023-08-25,1,189,10:00,189,189,0
BOM,DEL,1117,2023-08-26,0,174,10:00,174,174,0
BOM,DEL,1127,2023-08-26,30,189,10:00,189,189,0
BOM,DEL,1117,2023-08-27,0,174,10:00,174,174,0
BOM,DEL,1127,2023-08-27,1,189,10:00,189,189,0
BOM,DEL,1127,2023-08-28,0,189,10:00,189,189,0
BOM,DEL,1117,2023-08-28,0,174,10:00,174,174,0
BOM,DEL,1117,2023-08-29,0,174,10:00,174,174,0
BOM,DEL,1127,2023-08-29,4,189,10:00,189,189,0
BOM,DEL,1127,2023-08-30,0,189,10:00,189,189,0
BOM,DEL,1117,2023-08-30,0,174,10:00,174,174,0
BOM,DEL,1117,2023-08-31,0,174,10:00,174,174,0
BOM,DEL,1127,2023-08-31,40,200,10:00,200,200,0
BOM,DEL,1127,2023-09-01,40,200,10:00,200,200,0
BOM,DEL,1117,2023-09-01,0,174,10:00,174,174,0
BOM,DEL,1117,2023-09-02,0,174,10:00,174,174,0
BOM,DEL,1127,2023-09-02,40,200,10:00,200,200,0
BOM,DEL,1117,2023-09-03,0,174,10:00,174,174,0
BOM,DEL,1127,2023-09-03,40,200,10:00,200,200,0
BOM,DEL,1127,2023-09-04,40,200,10:00,200,200,0
BOM,DEL,1117,2023-09-04,0,174,10:00,174,174,0
BOM,DEL,1117,2023-09-05,0,174,10:00,174,174,0
BOM,DEL,1127,2023-09-05,0,174,10:00,174,174,0
BOM,DEL,1117,2023-09-06,0,174,10:00,174,174,0
BOM,DEL,1127,2023-09-06,1,174,10:00,174,174,0
BOM,DEL,1127,2023-09-07,0,174,10:00,174,174,0
BOM,DEL,1117,2023-09-07,0,174,10:00,174,174,0
BOM,DEL,1117,2023-09-08,0,174,10:00,174,174,0
BOM,DEL,1127,2023-09-08,3,174,10:00,174,174,0
BOM,DEL,1127,2023-09-09,29,174,10:00,174,174,0
BOM,DEL,1117,2023-09-09,0,174,10:00,174,174,0
BOM,DEL,1117,2023-09-10,0,174,10:00,174,174,0
BOM,DEL,1127,2023-09-10,1,174,10:00,174,174,0
BOM,DEL,1127,2023-09-11,0,174,10:00,174,174,0
BOM,DEL,1117,2023-09-11,0,174,10:00,174,174,0
BOM,DEL,1117,2023-09-12,0,174,10:00,174,174,0
BOM,DEL,1127,2023-09-12,0,174,10:00,174,174,0
BOM,DEL,1117,2023-09-13,0,174,10:00,174,174,0
BOM,DEL,1127,2023-09-13,0,174,10:00,174,174,0
BOM,DEL,1127,2023-09-14,2,174,10:00,174,174,0
BOM,DEL,1117,2023-09-14,0,174,10:00,174,174,0
BOM,DEL,1117,2023-09-15,0,174,10:00,174,174,0
BOM,DEL,1127,2023-09-15,2,174,10:00,174,174,0
BOM,DEL,1127,2023-09-16,0,174,10:00,174,174,0
BOM,DEL,1117,2023-09-16,0,174,10:00,174,174,0
BOM,DEL,1127,2023-09-17,3,174,10:00,174,174,0
BOM,DEL,1117,2023-09-17,0,174,10:00,174,174,0
BOM,DEL,1127,2023-09-18,0,174,10:00,174,174,0
BOM,DEL,1117,2023-09-18,0,174,10:00,174,174,0
BOM,DEL,1117,2023-09-19,0,174,10:00,174,174,0
BOM,DEL,1127,2023-09-19,0,174,10:00,174,174,0
BOM,DEL,1117,2023-09-20,0,174,10:00,174,174,0
BOM,DEL,1127,2023-09-20,4,174,10:00,174,174,0
BOM,DEL,1117,2023-09-21,0,174,10:00,174,174,0
BOM,DEL,1127,2023-09-21,0,174,10:00,174,174,0
BOM,DEL,1117,2023-09-22,0,174,10:00,174,174,0
BOM,DEL,1127,2023-09-22,0,174,10:00,174,174,0
BOM,DEL,1117,2023-09-23,0,174,10:00,174,174,0
BOM,DEL,1127,2023-09-23,7,174,10:00,174,174,0
BOM,DEL,1117,2023-09-24,0,174,10:00,174,174,0
BOM,DEL,1127,2023-09-24,29,174,10:00,174,174,0
BOM,DEL,1117,2023-09-25,0,174,10:00,174,174,0
BOM,DEL,1127,2023-09-25,0,174,10:00,174,174,0
BOM,DEL,1117,2023-09-26,0,174,10:00,174,174,0
BOM,DEL,1127,2023-09-26,0,174,10:00,174,174,0
BOM,DEL,1117,2023-09-27,0,174,10:00,174,174,0
BOM,DEL,1127,2023-09-27,0,174,10:00,174,174,0
BOM,DEL,1127,2023-09-28,0,174,10:00,174,174,0
BOM,DEL,1117,2023-09-28,0,174,10:00,174,174,0
BOM,DEL,1117,2023-09-29,0,174,10:00,174,174,0
BOM,DEL,1127,2023-09-29,0,174,10:00,174,174,0
BOM,DEL,1117,2023-09-30,0,174,10:00,174,174,0
BOM,DEL,1127,2023-09-30,29,174,10:00,174,174,0
BOM,DEL,1117,2023-10-01,0,174,10:00,174,174,0
BOM,DEL,1127,2023-10-01,0,174,10:00,174,174,0
BOM,DEL,1127,2023-10-02,0,174,10:00,174,174,0
BOM,DEL,1117,2023-10-02,0,174,10:00,174,174,0
BOM,DEL,1117,2023-10-03,0,174,10:00,174,174,0
BOM,DEL,1127,2023-10-03,0,174,10:00,174,174,0
BOM,DEL,1117,2023-10-04,0,174,10:00,174,174,0
BOM,DEL,1127,2023-10-04,0,174,10:00,174,174,0
BOM,DEL,1117,2023-10-05,0,174,10:00,174,174,0
BOM,DEL,1127,2023-10-05,0,174,10:00,174,174,0
BOM,DEL,1127,2023-10-06,0,174,10:00,174,174,0
BOM,DEL,1117,2023-10-06,0,174,10:00,174,174,0
BOM,DEL,1127,2023-10-07,0,174,10:00,174,174,0
BOM,DEL,1117,2023-10-07,0,174,10:00,174,174,0
BOM,DEL,1127,2023-10-08,0,174,10:00,174,174,0
BOM,DEL,1117,2023-10-08,0,174,10:00,174,174,0
BOM,DEL,1117,2023-10-09,0,174,10:00,174,174,0
BOM,DEL,1127,2023-10-09,0,174,10:00,174,174,0
BOM,DEL,1127,2023-10-10,0,174,10:00,174,174,0
BOM,DEL,1117,2023-10-10,0,174,10:00,174,174,0
BOM,DEL,1117,2023-10-11,0,174,10:00,174,174,0
BOM,DEL,1127,2023-10-11,0,174,10:00,174,174,0
BOM,DEL,1127,2023-10-12,0,174,10:00,174,174,0
BOM,DEL,1117,2023-10-12,0,174,10:00,174,174,0
BOM,DEL,1117,2023-10-13,0,174,10:00,174,174,0
BOM,DEL,1127,2023-10-13,0,174,10:00,174,174,0
BOM,DEL,1117,2023-10-14,0,174,10:00,174,174,0
BOM,DEL,1127,2023-10-14,0,174,10:00,174,174,0
BOM,DEL,1117,2023-10-15,0,174,10:00,174,174,0
BOM,DEL,1127,2023-10-15,0,174,10:00,174,174,0
BOM,DEL,1127,2023-10-16,1,174,10:00,174,174,0
BOM,DEL,1117,2023-10-16,0,174,10:00,174,174,0
BOM,DEL,1117,2023-10-17,0,174,10:00,174,174,0
BOM,DEL,1127,2023-10-17,0,174,10:00,174,174,0
BOM,DEL,1127,2023-10-18,0,174,10:00,174,174,0
BOM,DEL,1117,2023-10-18,0,174,10:00,174,174,0
BOM,DEL,1117,2023-10-19,0,174,10:00,174,174,0
BOM,DEL,1127,2023-10-19,0,174,10:00,174,174,0
BOM,DEL,1117,2023-10-20,0,174,10:00,174,174,0
BOM,DEL,1127,2023-10-20,0,174,10:00,174,174,0
BOM,DEL,1117,2023-10-21,0,174,10:00,174,174,0
BOM,DEL,1127,2023-10-21,0,174,10:00,174,174,0
BOM,DEL,1127,2023-10-22,0,174,10:00,174,174,0
BOM,DEL,1117,2023-10-22,0,174,10:00,174,174,0
BOM,DEL,1117,2023-10-23,0,174,10:00,174,174,0
BOM,DEL,1127,2023-10-23,0,174,10:00,174,174,0
BOM,DEL,1117,2023-10-24,0,174,10:00,174,174,0
BOM,DEL,1127,2023-10-24,0,174,10:00,174,174,0
BOM,DEL,1117,2023-10-25,0,174,10:00,174,174,0
BOM,DEL,1127,2023-10-25,0,174,10:00,174,174,0
BOM,DEL,1127,2023-10-26,0,174,10:00,174,174,0
BOM,DEL,1117,2023-10-26,0,174,10:00,174,174,0
BOM,DEL,1127,2023-10-27,0,174,10:00,174,174,0
BOM,DEL,1117,2023-10-27,0,174,10:00,174,174,0
BOM,DEL,1127,2023-10-28,0,174,10:00,174,174,0
BOM,DEL,1117,2023-10-28,0,174,10:00,174,174,0
BOM,DEL,1117,2023-10-29,0,174,10:00,174,174,0
BOM,DEL,1127,2023-10-29,0,174,10:00,174,174,0
BOM,DEL,1127,2023-10-30,0,174,10:00,174,174,0
BOM,DEL,1117,2023-10-30,0,174,10:00,174,174,0
BOM,DEL,1117,2023-10-31,0,174,10:00,174,174,0
BOM,DEL,1127,2023-10-31,1,174,10:00,174,174,0
BOM,DEL,1117,2023-11-01,0,174,10:00,174,174,0
BOM,DEL,1127,2023-11-01,0,174,10:00,174,174,0
BOM,DEL,1117,2023-11-02,0,174,10:00,174,174,0
BOM,DEL,1127,2023-11-02,0,174,10:00,174,174,0
BOM,DEL,1117,2023-11-03,0,174,10:00,174,174,0
BOM,DEL,1127,2023-11-03,6,174,10:00,174,174,0
BOM,DEL,1117,2023-11-04,0,174,10:00,174,174,0
BOM,DEL,1127,2023-11-04,0,174,10:00,174,174,0
BOM,DEL,1117,2023-11-05,0,174,10:00,174,174,0
BOM,DEL,1127,2023-11-05,0,174,10:00,174,174,0
BOM,DEL,1127,2023-11-06,0,174,10:00,174,174,0
BOM,DEL,1117,2023-11-06,0,174,10:00,174,174,0
BOM,DEL,1117,2023-11-07,0,174,10:00,174,174,0
BOM,DEL,1127,2023-11-07,0,174,10:00,174,174,0
BOM,DEL,1127,2023-11-08,0,174,10:00,174,174,0
BOM,DEL,1117,2023-11-08,0,174,10:00,174,174,0
BOM,DEL,1117,2023-11-09,0,174,10:00,174,174,0
BOM,DEL,1127,2023-11-09,0,174,10:00,174,174,0
BOM,DEL,1127,2023-11-10,0,174,10:00,174,174,0
BOM,DEL,1117,2023-11-10,0,174,10:00,174,174,0
BOM,DEL,1117,2023-11-11,0,174,10:00,174,174,0
BOM,DEL,1127,2023-11-11,0,174,10:00,174,174,0
BOM,DEL,1127,2023-11-12,5,174,10:00,174,174,0
BOM,DEL,1117,2023-11-12,0,174,10:00,174,174,0
BOM,DEL,1127,2023-11-13,0,174,10:00,174,174,0
BOM,DEL,1117,2023-11-13,0,174,10:00,174,174,0
BOM,DEL,1127,2023-11-14,0,174,10:00,174,174,0
BOM,DEL,1117,2023-11-14,0,174,10:00,174,174,0
BOM,DEL,1117,2023-11-15,0,174,10:00,174,174,0
BOM,DEL,1127,2023-11-15,0,174,10:00,174,174,0
BOM,DEL,1127,2023-11-16,1,174,10:00,174,174,0
BOM,DEL,1117,2023-11-16,0,174,10:00,174,174,0
BOM,DEL,1117,2023-11-17,0,174,10:00,174,174,0
BOM,DEL,1127,2023-11-17,0,174,10:00,174,174,0
BOM,DEL,1127,2023-11-18,0,174,10:00,174,174,0
BOM,DEL,1117,2023-11-18,0,174,10:00,174,174,0
BOM,DEL,1117,2023-11-19,0,174,10:00,174,174,0
BOM,DEL,1127,2023-11-19,0,174,10:00,174,174,0
BOM,DEL,1117,2023-11-20,0,174,10:00,174,174,0
BOM,DEL,1127,2023-11-20,0,174,10:00,174,174,0
BOM,DEL,1117,2023-11-21,0,174,10:00,174,174,0
BOM,DEL,1127,2023-11-21,0,174,10:00,174,174,0
BOM,DEL,1117,2023-11-22,0,174,10:00,174,174,0
BOM,DEL,1127,2023-11-22,2,174,10:00,174,174,0
BOM,DEL,1117,2023-11-23,0,174,10:00,174,174,0
BOM,DEL,1127,2023-11-23,0,174,10:00,174,174,0
BOM,DEL,1117,2023-11-24,0,174,10:00,174,174,0
BOM,DEL,1127,2023-11-24,0,174,10:00,174,174,0
BOM,DEL,1117,2023-11-25,0,174,10:00,174,174,0
BOM,DEL,1127,2023-11-25,0,174,10:00,174,174,0
BOM,DEL,1127,2023-11-26,0,174,10:00,174,174,0
BOM,DEL,1117,2023-11-26,0,174,10:00,174,174,0
BOM,DEL,1117,2023-11-27,0,174,10:00,174,174,0
BOM,DEL,1127,2023-11-27,0,174,10:00,174,174,0
BOM,DEL,1117,2023-11-28,0,174,10:00,174,174,0
BOM,DEL,1127,2023-11-28,0,174,10:00,174,174,0
BOM,DEL,1117,2023-11-29,0,174,10:00,174,174,0
BOM,DEL,1127,2023-11-29,0,174,10:00,174,174,0
BOM,DEL,1117,2023-11-30,0,174,10:00,174,174,0
BOM,DEL,1127,2023-11-30,0,174,10:00,174,174,0
BOM,DEL,1117,2023-12-01,0,174,10:00,174,174,0
BOM,DEL,1127,2023-12-01,0,174,10:00,174,174,0
BOM,DEL,1127,2023-12-02,0,174,10:00,174,174,0
BOM,DEL,1117,2023-12-02,0,174,10:00,174,174,0
BOM,DEL,1117,2023-12-03,0,174,10:00,174,174,0
BOM,DEL,1127,2023-12-03,0,174,10:00,174,174,0
BOM,DEL,1127,2023-12-04,0,174,10:00,174,174,0
BOM,DEL,1117,2023-12-04,0,174,10:00,174,174,0
BOM,DEL,1117,2023-12-05,0,174,10:00,174,174,0
BOM,DEL,1127,2023-12-05,0,174,10:00,174,174,0
BOM,DEL,1127,2023-12-06,0,174,10:00,174,174,0
BOM,DEL,1117,2023-12-06,0,174,10:00,174,174,0
BOM,DEL,1117,2023-12-07,0,174,10:00,174,174,0
BOM,DEL,1127,2023-12-07,0,174,10:00,174,174,0
BOM,DEL,1127,2023-12-08,0,174,10:00,174,174,0
BOM,DEL,1117,2023-12-08,0,174,10:00,174,174,0
BOM,DEL,1117,2023-12-09,0,174,10:00,174,174,0
BOM,DEL,1127,2023-12-09,0,174,10:00,174,174,0
BOM,DEL,1117,2023-12-10,0,174,10:00,174,174,0
BOM,DEL,1127,2023-12-10,0,174,10:00,174,174,0
BOM,DEL,1117,2023-12-11,0,174,10:00,174,174,0
BOM,DEL,1127,2023-12-11,0,174,10:00,174,174,0
BOM,DEL,1127,2023-12-12,0,174,10:00,174,174,0
BOM,DEL,1117,2023-12-12,0,174,10:00,174,174,0
BOM,DEL,1117,2023-12-13,0,174,10:00,174,174,0
BOM,DEL,1127,2023-12-13,0,174,10:00,174,174,0
BOM,DEL,1127,2023-12-14,0,174,10:00,174,174,0
BOM,DEL,1117,2023-12-14,0,174,10:00,174,174,0
BOM,DEL,1117,2023-12-15,0,174,10:00,174,174,0
BOM,DEL,1127,2023-12-15,0,174,10:00,174,174,0
BOM,DEL,1117,2023-12-16,0,174,10:00,174,174,0
BOM,DEL,1127,2023-12-16,0,174,10:00,174,174,0
BOM,DEL,1117,2023-12-17,0,174,10:00,174,174,0
BOM,DEL,1127,2023-12-17,0,174,10:00,174,174,0
BOM,DEL,1127,2023-12-18,0,174,10:00,174,174,0
BOM,DEL,1117,2023-12-18,0,174,10:00,174,174,0
BOM,DEL,1117,2023-12-19,0,174,10:00,174,174,0
BOM,DEL,1127,2023-12-19,0,174,10:00,174,174,0
BOM,DEL,1117,2023-12-20,0,174,10:00,174,174,0
BOM,DEL,1127,2023-12-20,0,174,10:00,174,174,0
BOM,DEL,1117,2023-12-21,0,174,10:00,174,174,0
BOM,DEL,1127,2023-12-21,0,174,10:00,174,174,0
BOM,DEL,1117,2023-12-22,0,174,10:00,174,174,0
BOM,DEL,1127,2023-12-22,0,174,10:00,174,174,0
BOM,DEL,1127,2023-12-23,0,174,10:00,174,174,0
BOM,DEL,1117,2023-12-23,0,174,10:00,174,174,0
BOM,DEL,1117,2023-12-24,0,174,10:00,174,174,0
BOM,DEL,1127,2023-12-24,0,174,10:00,174,174,0
BOM,DEL,1117,2023-12-25,0,174,10:00,174,174,0
BOM,DEL,1127,2023-12-25,0,174,10:00,174,174,0
BOM,DEL,1117,2023-12-26,0,174,10:00,174,174,0
BOM,DEL,1127,2023-12-26,0,174,10:00,174,174,0
BOM,DEL,1117,2023-12-27,0,174,10:00,174,174,0
BOM,DEL,1127,2023-12-27,0,174,10:00,174,174,0
BOM,DEL,1117,2023-12-28,0,174,10:00,174,174,0
BOM,DEL,1127,2023-12-28,0,174,10:00,174,174,0
BOM,DEL,1127,2023-12-29,0,174,10:00,174,174,0
BOM,DEL,1117,2023-12-29,0,174,10:00,174,174,0
BOM,DEL,1117,2023-12-30,0,174,10:00,174,174,0
BOM,DEL,1127,2023-12-30,0,174,10:00,174,174,0
BOM,DEL,1127,2023-12-31,0,174,10:00,174,174,0
BOM,DEL,1127,2024-01-01,0,174,10:00,174,174,0
BOM,DEL,1127,2024-01-02,0,174,10:00,174,174,0
BOM,DEL,1127,2024-01-03,0,174,10:00,174,174,0
BOM,DEL,1127,2024-01-04,0,174,10:00,174,174,0
BOM,DEL,1127,2024-01-05,0,174,10:00,174,174,0
BOM,DEL,1127,2024-01-06,0,174,10:00,174,174,0
BOM,DEL,1127,2024-01-07,0,174,10:00,174,174,0
BOM,DEL,1127,2024-01-08,0,174,10:00,174,174,0
BOM,DEL,1127,2024-01-09,0,174,10:00,174,174,0
BOM,DEL,1127,2024-01-10,0,174,10:00,174,174,0
BOM,DEL,1127,2024-01-11,0,174,10:00,174,174,0
BOM,DEL,1127,2024-01-12,0,174,10:00,174,174,0
BOM,DEL,1127,2024-01-13,0,174,10:00,174,174,0
BOM,DEL,1127,2024-01-14,0,174,10:00,174,174,0
BOM,DEL,1127,2024-01-15,0,174,10:00,174,174,0
BOM,DEL,1127,2024-01-16,0,174,10:00,174,174,0
BOM,DEL,1127,2024-01-17,0,174,10:00,174,174,0
BOM,DEL,1127,2024-01-18,0,174,10:00,174,174,0
BOM,DEL,1127,2024-01-19,0,174,10:00,174,174,0
BOM,DEL,1127,2024-01-20,0,174,10:00,174,174,0
BOM,DEL,1127,2024-01-21,0,174,10:00,174,174,0
BOM,DEL,1127,2024-01-22,0,174,10:00,174,174,0
BOM,DEL,1127,2024-01-23,0,174,10:00,174,174,0
BOM,DEL,1127,2024-01-24,0,174,10:00,174,174,0
BOM,DEL,1127,2024-01-25,0,174,10:00,174,174,0
BOM,DEL,1127,2024-01-26,0,174,10:00,174,174,0
BOM,DEL,1127,2024-01-27,0,174,10:00,174,174,0
BOM,DEL,1127,2024-01-28,0,174,10:00,174,174,0
BOM,DEL,1127,2024-01-29,0,174,10:00,174,174,0
BOM,DEL,1127,2024-01-30,0,174,10:00,174,174,0
BOM,DEL,1127,2024-01-31,0,174,10:00,174,174,0
DEL,BOM,1128,2023-08-01,5,189,10:00,189,189,0
DEL,BOM,1118,2023-08-01,0,174,10:00,174,174,0
DEL,BOM,1118,2023-08-02,0,174,10:00,174,174,0
DEL,BOM,1128,2023-08-02,8,189,10:00,189,189,0
DEL,BOM,1128,2023-08-03,0,189,10:00,189,189,0
DEL,BOM,1118,2023-08-03,0,174,10:00,174,174,0
DEL,BOM,1118,2023-08-04,0,174,10:00,174,174,0
DEL,BOM,1128,2023-08-04,32,189,10:00,189,189,0
DEL,BOM,1118,2023-08-05,0,174,10:00,174,174,0
DEL,BOM,1128,2023-08-05,31,189,10:00,189,189,0
DEL,BOM,1118,2023-08-06,0,174,10:00,174,174,0
DEL,BOM,1128,2023-08-06,5,189,10:00,189,189,0
DEL,BOM,1128,2023-08-07,1,189,10:00,189,189,0
DEL,BOM,1118,2023-08-07,0,174,10:00,174,174,0
DEL,BOM,1128,2023-08-08,4,174,10:00,174,174,0
DEL,BOM,1118,2023-08-08,0,174,10:00,174,174,0
DEL,BOM,1128,2023-08-09,3,189,10:00,189,189,0
DEL,BOM,1118,2023-08-09,0,174,10:00,174,174,0
DEL,BOM,1118,2023-08-10,0,174,10:00,174,174,0
DEL,BOM,1128,2023-08-10,4,189,10:00,189,189,0
DEL,BOM,1128,2023-08-11,0,189,10:00,189,189,0
DEL,BOM,1118,2023-08-11,0,174,10:00,174,174,0
DEL,BOM,1118,2023-08-12,0,174,10:00,174,174,0
DEL,BOM,1128,2023-08-12,2,189,10:00,189,189,0
DEL,BOM,1118,2023-08-13,0,174,10:00,174,174,0
DEL,BOM,1128,2023-08-13,3,189,10:00,189,189,0
DEL,BOM,1128,2023-08-14,0,189,10:00,189,189,0
DEL,BOM,1118,2023-08-14,0,174,10:00,174,174,0
DEL,BOM,1128,2023-08-15,7,189,10:00,189,189,0
DEL,BOM,1118,2023-08-15,0,174,10:00,174,174,0
DEL,BOM,1128,2023-08-16,7,189,10:00,189,189,0
DEL,BOM,1118,2023-08-16,0,174,10:00,174,174,0
DEL,BOM,1118,2023-08-17,0,174,10:00,174,174,0
DEL,BOM,1128,2023-08-17,0,189,10:00,189,189,0
DEL,BOM,1128,2023-08-18,29,189,10:00,189,189,0
DEL,BOM,1118,2023-08-18,0,174,10:00,174,174,0
DEL,BOM,1128,2023-08-19,0,189,10:00,189,189,0
DEL,BOM,1118,2023-08-19,0,174,10:00,174,174,0
DEL,BOM,1128,2023-08-20,50,200,10:00,200,200,0
DEL,BOM,1118,2023-08-20,0,174,10:00,174,174,0
DEL,BOM,1128,2023-08-21,50,200,10:00,200,200,0
DEL,BOM,1118,2023-08-21,0,174,10:00,174,174,0
DEL,BOM,1118,2023-08-22,0,174,10:00,174,174,0
DEL,BOM,1128,2023-08-22,30,100,10:00,100,100,0
DEL,BOM,1128,2023-08-23,30,100,10:00,100,100,0
DEL,BOM,1118,2023-08-23,0,174,10:00,174,174,0
DEL,BOM,1118,2023-08-24,0,174,10:00,174,174,0
DEL,BOM,1128,2023-08-24,60,200,10:00,200,200,0
DEL,BOM,1118,2023-08-25,0,174,10:00,174,174,0
DEL,BOM,1128,2023-08-25,2,174,10:00,174,174,0
DEL,BOM,1118,2023-08-26,0,174,10:00,174,174,0
DEL,BOM,1128,2023-08-26,2,174,10:00,174,174,0
DEL,BOM,1128,2023-08-27,9,174,10:00,174,174,0
DEL,BOM,1118,2023-08-27,0,174,10:00,174,174,0
DEL,BOM,1128,2023-08-28,0,174,10:00,174,174,0
DEL,BOM,1118,2023-08-28,0,174,10:00,174,174,0
DEL,BOM,1128,2023-08-29,6,174,10:00,174,174,0
DEL,BOM,1118,2023-08-29,0,174,10:00,174,174,0
DEL,BOM,1118,2023-08-30,0,174,10:00,174,174,0
DEL,BOM,1128,2023-08-30,1,174,10:00,174,174,0
DEL,BOM,1128,2023-08-31,2,174,10:00,174,174,0
DEL,BOM,1118,2023-08-31,0,174,10:00,174,174,0
DEL,BOM,1118,2023-09-01,0,174,10:00,174,174,0
DEL,BOM,1128,2023-09-01,31,174,10:00,174,174,0
DEL,BOM,1128,2023-09-02,0,174,10:00,174,174,0
DEL,BOM,1118,2023-09-02,0,174,10:00,174,174,0
DEL,BOM,1128,2023-09-03,6,174,10:00,174,174,0
DEL,BOM,1118,2023-09-03,0,174,10:00,174,174,0
DEL,BOM,1128,2023-09-04,0,174,10:00,174,174,0
DEL,BOM,1118,2023-09-04,0,174,10:00,174,174,0
DEL,BOM,1128,2023-09-05,1,174,10:00,174,174,0
DEL,BOM,1118,2023-09-05,0,174,10:00,174,174,0
DEL,BOM,1118,2023-09-06,0,174,10:00,174,174,0
DEL,BOM,1128,2023-09-06,1,174,10:00,174,174,0
DEL,BOM,1128,2023-09-07,3,174,10:00,174,174,0
DEL,BOM,1118,2023-09-07,0,174,10:00,174,174,0
DEL,BOM,1128,2023-09-08,0,174,10:00,174,174,0
DEL,BOM,1118,2023-09-08,0,174,10:00,174,174,0
DEL,BOM,1118,2023-09-09,0,174,10:00,174,174,0
DEL,BOM,1128,2023-09-09,0,174,10:00,174,174,0
DEL,BOM,1128,2023-09-10,2,174,10:00,174,174,0
DEL,BOM,1118,2023-09-10,0,174,10:00,174,174,0
DEL,BOM,1118,2023-09-11,0,174,10:00,174,174,0
DEL,BOM,1128,2023-09-11,2,174,10:00,174,174,0
DEL,BOM,1128,2023-09-12,2,174,10:00,174,174,0
DEL,BOM,1118,2023-09-12,0,174,10:00,174,174,0
DEL,BOM,1128,2023-09-13,0,174,10:00,174,174,0
DEL,BOM,1118,2023-09-13,0,174,10:00,174,174,0
DEL,BOM,1118,2023-09-14,0,174,10:00,174,174,0
DEL,BOM,1128,2023-09-14,0,174,10:00,174,174,0
DEL,BOM,1128,2023-09-15,29,174,10:00,174,174,0
DEL,BOM,1118,2023-09-15,0,174,10:00,174,174,0
DEL,BOM,1128,2023-09-16,6,174,10:00,174,174,0
DEL,BOM,1118,2023-09-16,0,174,10:00,174,174,0
DEL,BOM,1128,2023-09-17,2,174,10:00,174,174,0
DEL,BOM,1118,2023-09-17,0,174,10:00,174,174,0
DEL,BOM,1118,2023-09-18,0,174,10:00,174,174,0
DEL,BOM,1128,2023-09-18,0,174,10:00,174,174,0
DEL,BOM,1118,2023-09-19,0,174,10:00,174,174,0
DEL,BOM,1128,2023-09-19,2,174,10:00,174,174,0
DEL,BOM,1118,2023-09-20,0,174,10:00,174,174,0
DEL,BOM,1128,2023-09-20,0,174,10:00,174,174,0
DEL,BOM,1128,2023-09-21,0,174,10:00,174,174,0
DEL,BOM,1118,2023-09-21,0,174,10:00,174,174,0
DEL,BOM,1128,2023-09-22,0,174,10:00,174,174,0
DEL,BOM,1118,2023-09-22,0,174,10:00,174,174,0
DEL,BOM,1128,2023-09-23,0,174,10:00,174,174,0
DEL,BOM,1118,2023-09-23,0,174,10:00,174,174,0
DEL,BOM,1128,2023-09-24,0,174,10:00,174,174,0
DEL,BOM,1118,2023-09-24,0,174,10:00,174,174,0
DEL,BOM,1128,2023-09-25,3,174,10:00,174,174,0
DEL,BOM,1118,2023-09-25,0,174,10:00,174,174,0
DEL,BOM,1128,2023-09-26,0,174,10:00,174,174,0
DEL,BOM,1118,2023-09-26,0,174,10:00,174,174,0
DEL,BOM,1128,2023-09-27,0,174,10:00,174,174,0
DEL,BOM,1118,2023-09-27,0,174,10:00,174,174,0
DEL,BOM,1128,2023-09-28,2,174,10:00,174,174,0
DEL,BOM,1118,2023-09-28,0,174,10:00,174,174,0
DEL,BOM,1128,2023-09-29,0,174,10:00,174,174,0
DEL,BOM,1118,2023-09-29,0,174,10:00,174,174,0
DEL,BOM,1128,2023-09-30,29,174,10:00,174,174,0
DEL,BOM,1118,2023-09-30,0,174,10:00,174,174,0
DEL,BOM,1128,2023-10-01,0,174,10:00,174,174,0
DEL,BOM,1118,2023-10-01,0,174,10:00,174,174,0
DEL,BOM,1118,2023-10-02,0,174,10:00,174,174,0
DEL,BOM,1128,2023-10-02,3,174,10:00,174,174,0
DEL,BOM,1128,2023-10-03,2,174,10:00,174,174,0
DEL,BOM,1118,2023-10-03,0,174,10:00,174,174,0
DEL,BOM,1118,2023-10-04,0,174,10:00,174,174,0
DEL,BOM,1128,2023-10-04,0,174,10:00,174,174,0
DEL,BOM,1128,2023-10-05,1,174,10:00,174,174,0
DEL,BOM,1118,2023-10-05,0,174,10:00,174,174,0
DEL,BOM,1128,2023-10-06,29,174,10:00,174,174,0
DEL,BOM,1118,2023-10-06,0,174,10:00,174,174,0
DEL,BOM,1128,2023-10-07,8,174,10:00,174,174,0
DEL,BOM,1118,2023-10-07,0,174,10:00,174,174,0
DEL,BOM,1118,2023-10-08,0,174,10:00,174,174,0
DEL,BOM,1128,2023-10-08,0,174,10:00,174,174,0
DEL,BOM,1118,2023-10-09,0,174,10:00,174,174,0
DEL,BOM,1128,2023-10-09,3,174,10:00,174,174,0
DEL,BOM,1118,2023-10-10,0,174,10:00,174,174,0
DEL,BOM,1128,2023-10-10,0,174,10:00,174,174,0
DEL,BOM,1128,2023-10-11,0,174,10:00,174,174,0
DEL,BOM,1118,2023-10-11,0,174,10:00,174,174,0
DEL,BOM,1118,2023-10-12,0,174,10:00,174,174,0
DEL,BOM,1128,2023-10-12,13,174,10:00,174,174,0
DEL,BOM,1118,2023-10-13,0,174,10:00,174,174,0
DEL,BOM,1128,2023-10-13,0,174,10:00,174,174,0
DEL,BOM,1118,2023-10-14,0,174,10:00,174,174,0
DEL,BOM,1128,2023-10-14,1,174,10:00,174,174,0
DEL,BOM,1128,2023-10-15,0,174,10:00,174,174,0
DEL,BOM,1118,2023-10-15,0,174,10:00,174,174,0
DEL,BOM,1128,2023-10-16,0,174,10:00,174,174,0
DEL,BOM,1118,2023-10-16,0,174,10:00,174,174,0
DEL,BOM,1128,2023-10-17,0,174,10:00,174,174,0
DEL,BOM,1118,2023-10-17,0,174,10:00,174,174,0
DEL,BOM,1128,2023-10-18,0,174,10:00,174,174,0
DEL,BOM,1118,2023-10-18,0,174,10:00,174,174,0
DEL,BOM,1128,2023-10-19,0,174,10:00,174,174,0
DEL,BOM,1118,2023-10-19,0,174,10:00,174,174,0
DEL,BOM,1128,2023-10-20,0,174,10:00,174,174,0
DEL,BOM,1118,2023-10-20,0,174,10:00,174,174,0
DEL,BOM,1128,2023-10-21,0,174,10:00,174,174,0
DEL,BOM,1118,2023-10-21,0,174,10:00,174,174,0
DEL,BOM,1128,2023-10-22,0,174,10:00,174,174,0
DEL,BOM,1118,2023-10-22,0,174,10:00,174,174,0
DEL,BOM,1128,2023-10-23,0,174,10:00,174,174,0
DEL,BOM,1118,2023-10-23,0,174,10:00,174,174,0
DEL,BOM,1118,2023-10-24,0,174,10:00,174,174,0
DEL,BOM,1128,2023-10-24,0,174,10:00,174,174,0
DEL,BOM,1128,2023-10-25,0,174,10:00,174,174,0
DEL,BOM,1118,2023-10-25,0,174,10:00,174,174,0
DEL,BOM,1128,2023-10-26,0,174,10:00,174,174,0
DEL,BOM,1118,2023-10-26,0,174,10:00,174,174,0
DEL,BOM,1128,2023-10-27,0,174,10:00,174,174,0
DEL,BOM,1118,2023-10-27,0,174,10:00,174,174,0
DEL,BOM,1118,2023-10-28,0,174,10:00,174,174,0
DEL,BOM,1128,2023-10-28,0,174,10:00,174,174,0
DEL,BOM,1118,2023-10-29,0,174,10:00,174,174,0
DEL,BOM,1128,2023-10-29,0,174,10:00,174,174,0
DEL,BOM,1118,2023-10-30,0,174,10:00,174,174,0
DEL,BOM,1128,2023-10-30,0,174,10:00,174,174,0
DEL,BOM,1118,2023-10-31,0,174,10:00,174,174,0
DEL,BOM,1128,2023-10-31,0,174,10:00,174,174,0
DEL,BOM,1128,2023-11-01,0,174,10:00,174,174,0
DEL,BOM,1118,2023-11-01,0,174,10:00,174,174,0
DEL,BOM,1118,2023-11-02,0,174,10:00,174,174,0
DEL,BOM,1128,2023-11-02,4,174,10:00,174,174,0
DEL,BOM,1128,2023-11-03,6,174,10:00,174,174,0
DEL,BOM,1118,2023-11-03,0,174,10:00,174,174,0
DEL,BOM,1118,2023-11-04,0,174,10:00,174,174,0
DEL,BOM,1128,2023-11-04,3,174,10:00,174,174,0
DEL,BOM,1128,2023-11-05,0,174,10:00,174,174,0
DEL,BOM,1118,2023-11-05,0,174,10:00,174,174,0
DEL,BOM,1118,2023-11-06,0,174,10:00,174,174,0
DEL,BOM,1128,2023-11-06,2,174,10:00,174,174,0
DEL,BOM,1128,2023-11-07,2,174,10:00,174,174,0
DEL,BOM,1118,2023-11-07,0,174,10:00,174,174,0
DEL,BOM,1128,2023-11-08,0,174,10:00,174,174,0
DEL,BOM,1118,2023-11-08,0,174,10:00,174,174,0
DEL,BOM,1128,2023-11-09,2,174,10:00,174,174,0
DEL,BOM,1118,2023-11-09,0,174,10:00,174,174,0
DEL,BOM,1118,2023-11-10,0,174,10:00,174,174,0
DEL,BOM,1128,2023-11-10,1,174,10:00,174,174,0
DEL,BOM,1128,2023-11-11,1,174,10:00,174,174,0
DEL,BOM,1118,2023-11-11,0,174,10:00,174,174,0
DEL,BOM,1128,2023-11-12,0,174,10:00,174,174,0
DEL,BOM,1118,2023-11-12,0,174,10:00,174,174,0
DEL,BOM,1128,2023-11-13,0,174,10:00,174,174,0
DEL,BOM,1118,2023-11-13,0,174,10:00,174,174,0
DEL,BOM,1118,2023-11-14,0,174,10:00,174,174,0
DEL,BOM,1128,2023-11-14,5,174,10:00,174,174,0
DEL,BOM,1128,2023-11-15,9,174,10:00,174,174,0
DEL,BOM,1118,2023-11-15,0,174,10:00,174,174,0
DEL,BOM,1118,2023-11-16,0,174,10:00,174,174,0
DEL,BOM,1128,2023-11-16,4,174,10:00,174,174,0
DEL,BOM,1128,2023-11-17,5,174,10:00,174,174,0
DEL,BOM,1118,2023-11-17,0,174,10:00,174,174,0
DEL,BOM,1118,2023-11-18,0,174,10:00,174,174,0
DEL,BOM,1128,2023-11-18,13,174,10:00,174,174,0
DEL,BOM,1118,2023-11-19,0,174,10:00,174,174,0
DEL,BOM,1128,2023-11-19,49,174,10:00,174,174,0
DEL,BOM,1118,2023-11-20,0,174,10:00,174,174,0
DEL,BOM,1128,2023-11-20,16,174,10:00,174,174,0
DEL,BOM,1128,2023-11-21,0,174,10:00,174,174,0
DEL,BOM,1118,2023-11-21,0,174,10:00,174,174,0
DEL,BOM,1128,2023-11-22,22,174,10:00,174,174,0
DEL,BOM,1118,2023-11-22,0,174,10:00,174,174,0
DEL,BOM,1128,2023-11-23,6,174,10:00,174,174,0
DEL,BOM,1118,2023-11-23,0,174,10:00,174,174,0
DEL,BOM,1118,2023-11-24,0,174,10:00,174,174,0
DEL,BOM,1128,2023-11-24,3,174,10:00,174,174,0
DEL,BOM,1128,2023-11-25,4,174,10:00,174,174,0
DEL,BOM,1118,2023-11-25,0,174,10:00,174,174,0
DEL,BOM,1118,2023-11-26,0,174,10:00,174,174,0
DEL,BOM,1128,2023-11-26,21,174,10:00,174,174,0
DEL,BOM,1128,2023-11-27,14,174,10:00,174,174,0
DEL,BOM,1118,2023-11-27,0,174,10:00,174,174,0
DEL,BOM,1128,2023-11-28,4,174,10:00,174,174,0
DEL,BOM,1118,2023-11-28,0,174,10:00,174,174,0
DEL,BOM,1128,2023-11-29,34,174,10:00,174,174,0
DEL,BOM,1118,2023-11-29,0,174,10:00,174,174,0
DEL,BOM,1128,2023-11-30,6,174,10:00,174,174,0
DEL,BOM,1118,2023-11-30,0,174,10:00,174,174,0
DEL,BOM,1128,2023-12-01,4,174,10:00,174,174,0
DEL,BOM,1118,2023-12-01,0,174,10:00,174,174,0
DEL,BOM,1128,2023-12-02,0,174,10:00,174,174,0
DEL,BOM,1118,2023-12-02,0,174,10:00,174,174,0
DEL,BOM,1128,2023-12-03,11,174,10:00,174,174,0
DEL,BOM,1118,2023-12-03,0,174,10:00,174,174,0
DEL,BOM,1118,2023-12-04,0,174,10:00,174,174,0
DEL,BOM,1128,2023-12-04,0,174,10:00,174,174,0
DEL,BOM,1128,2023-12-05,2,174,10:00,174,174,0
DEL,BOM,1118,2023-12-05,0,174,10:00,174,174,0
DEL,BOM,1118,2023-12-06,0,174,10:00,174,174,0
DEL,BOM,1128,2023-12-06,0,174,10:00,174,174,0
DEL,BOM,1128,2023-12-07,0,174,10:00,174,174,0
DEL,BOM,1118,2023-12-07,0,174,10:00,174,174,0
DEL,BOM,1118,2023-12-08,0,174,10:00,174,174,0
DEL,BOM,1128,2023-12-08,2,174,10:00,174,174,0
DEL,BOM,1118,2023-12-09,0,174,10:00,174,174,0
DEL,BOM,1128,2023-12-09,3,174,10:00,174,174,0
DEL,BOM,1118,2023-12-10,0,174,10:00,174,174,0
DEL,BOM,1128,2023-12-10,2,174,10:00,174,174,0
DEL,BOM,1128,2023-12-11,0,174,10:00,174,174,0
DEL,BOM,1118,2023-12-11,0,174,10:00,174,174,0
DEL,BOM,1128,2023-12-12,0,174,10:00,174,174,0
DEL,BOM,1118,2023-12-12,0,174,10:00,174,174,0
DEL,BOM,1128,2023-12-13,1,174,10:00,174,174,0
DEL,BOM,1118,2023-12-13,0,174,10:00,174,174,0
DEL,BOM,1118,2023-12-14,0,174,10:00,174,174,0
DEL,BOM,1128,2023-12-14,2,174,10:00,174,174,0
DEL,BOM,1128,2023-12-15,2,174,10:00,174,174,0
DEL,BOM,1118,2023-12-15,0,174,10:00,174,174,0
DEL,BOM,1118,2023-12-16,0,174,10:00,174,174,0
DEL,BOM,1128,2023-12-16,0,174,10:00,174,174,0
DEL,BOM,1118,2023-12-17,0,174,10:00,174,174,0
DEL,BOM,1128,2023-12-17,3,174,10:00,174,174,0
DEL,BOM,1128,2023-12-18,19,174,10:00,174,174,0
DEL,BOM,1118,2023-12-18,0,174,10:00,174,174,0
DEL,BOM,1128,2023-12-19,2,174,10:00,174,174,0
DEL,BOM,1118,2023-12-19,0,174,10:00,174,174,0
DEL,BOM,1128,2023-12-20,0,174,10:00,174,174,0
DEL,BOM,1118,2023-12-20,0,174,10:00,174,174,0
DEL,BOM,1128,2023-12-21,0,174,10:00,174,174,0
DEL,BOM,1118,2023-12-21,0,174,10:00,174,174,0
DEL,BOM,1128,2023-12-22,0,174,10:00,174,174,0
DEL,BOM,1118,2023-12-22,0,174,10:00,174,174,0
DEL,BOM,1128,2023-12-23,0,174,10:00,174,174,0
DEL,BOM,1118,2023-12-23,0,174,10:00,174,174,0
DEL,BOM,1128,2023-12-24,0,174,10:00,174,174,0
DEL,BOM,1118,2023-12-24,0,174,10:00,174,174,0
DEL,BOM,1118,2023-12-25,0,174,10:00,174,174,0
DEL,BOM,1128,2023-12-25,3,174,10:00,174,174,0
DEL,BOM,1118,2023-12-26,0,174,10:00,174,174,0
DEL,BOM,1128,2023-12-26,0,174,10:00,174,174,0
DEL,BOM,1118,2023-12-27,0,174,10:00,174,174,0
DEL,BOM,1128,2023-12-27,2,174,10:00,174,174,0
DEL,BOM,1128,2023-12-28,0,174,10:00,174,174,0
DEL,BOM,1118,2023-12-28,0,174,10:00,174,174,0
DEL,BOM,1128,2023-12-29,0,174,10:00,174,174,0
DEL,BOM,1118,2023-12-29,0,174,10:00,174,174,0
DEL,BOM,1128,2023-12-30,17,174,10:00,174,174,0
DEL,BOM,1118,2023-12-30,0,174,10:00,174,174,0
DEL,BOM,1128,2023-12-31,0,174,10:00,174,174,0
DEL,BOM,1128,2024-01-01,0,174,10:00,174,174,0
DEL,BOM,1128,2024-01-02,0,174,10:00,174,174,0
DEL,BOM,1128,2024-01-03,0,174,10:00,174,174,0
DEL,BOM,1128,2024-01-04,0,174,10:00,174,174,0
DEL,BOM,1128,2024-01-05,0,174,10:00,174,174,0
DEL,BOM,1128,2024-01-06,0,174,10:00,174,174,0
DEL,BOM,1128,2024-01-07,0,174,10:00,174,174,0
DEL,BOM,1128,2024-01-08,0,174,10:00,174,174,0
DEL,BOM,1128,2024-01-09,0,174,10:00,174,174,0
DEL,BOM,1128,2024-01-10,0,174,10:00,174,174,0
DEL,BOM,1128,2024-01-11,0,174,10:00,174,174,0
DEL,BOM,1128,2024-01-12,0,174,10:00,174,174,0
DEL,BOM,1128,2024-01-13,0,174,10:00,174,174,0
DEL,BOM,1128,2024-01-14,0,174,10:00,174,174,0
DEL,BOM,1128,2024-01-15,0,174,10:00,174,174,0
DEL,BOM,1128,2024-01-16,0,174,10:00,174,174,0
DEL,BOM,1128,2024-01-17,0,174,10:00,174,174,0
DEL,BOM,1128,2024-01-18,0,174,10:00,174,174,0
DEL,BOM,1128,2024-01-19,0,174,10:00,174,174,0
DEL,BOM,1128,2024-01-20,0,174,10:00,174,174,0
DEL,BOM,1128,2024-01-21,0,174,10:00,174,174,0
DEL,BOM,1128,2024-01-22,0,174,10:00,174,174,0
DEL,BOM,1128,2024-01-23,0,174,10:00,174,174,0
DEL,BOM,1128,2024-01-24,0,174,10:00,174,174,0
DEL,BOM,1128,2024-01-25,0,174,10:00,174,174,0
DEL,BOM,1128,2024-01-26,0,174,10:00,174,174,0
DEL,BOM,1128,2024-01-27,0,174,10:00,174,174,0
DEL,BOM,1128,2024-01-28,0,174,10:00,174,174,0
DEL,BOM,1128,2024-01-29,0,174,10:00,174,174,0
DEL,BOM,1128,2024-01-30,0,174,10:00,174,174,0
DEL,BOM,1128,2024-01-31,0,174,10:00,174,174,0
GAU,IXA,1323,2023-08-01,10,189,10:00,189,189,0
GAU,IXA,1323,2023-08-02,11,189,10:00,189,189,0
GAU,IXA,1323,2023-08-03,10,189,10:00,189,189,0
GAU,IXA,1323,2023-08-04,11,189,10:00,189,189,0
GAU,IXA,1323,2023-08-05,11,189,10:00,189,189,0
GAU,IXA,1323,2023-08-06,10,189,10:00,189,189,0
GAU,IXA,1323,2023-08-07,13,189,10:00,189,189,0
GAU,IXA,1323,2023-08-08,12,189,10:00,189,189,0
GAU,IXA,1323,2023-08-09,12,189,10:00,189,189,0
GAU,IXA,1323,2023-08-10,12,189,10:00,189,189,0
GAU,IXA,1323,2023-08-11,11,189,10:00,189,189,0
GAU,IXA,1323,2023-08-12,11,189,10:00,189,189,0
GAU,IXA,1323,2023-08-13,11,189,10:00,189,189,0
GAU,IXA,1323,2023-08-14,11,189,10:00,189,189,0
GAU,IXA,1323,2023-08-15,13,189,10:00,189,189,0
GAU,IXA,1323,2023-08-16,10,189,10:00,189,189,0
GAU,IXA,1323,2023-08-17,10,189,10:00,189,189,0
GAU,IXA,1323,2023-08-18,10,189,10:00,189,189,0
GAU,IXA,1323,2023-08-19,15,189,10:00,189,189,0
GAU,IXA,1323,2023-08-20,11,189,10:00,189,189,0
GAU,IXA,1323,2023-08-21,10,189,10:00,189,189,0
GAU,IXA,1323,2023-08-22,13,189,10:00,189,189,0
GAU,IXA,1323,2023-08-23,10,189,10:00,189,189,0
GAU,IXA,1323,2023-08-24,10,189,10:00,189,189,0
GAU,IXA,1323,2023-08-25,10,189,10:00,189,189,0
GAU,IXA,1323,2023-08-26,10,189,10:00,189,189,0
GAU,IXA,1323,2023-08-27,11,189,10:00,189,189,0
GAU,IXA,1323,2023-08-28,12,189,10:00,189,189,0
GAU,IXA,1323,2023-08-29,11,189,10:00,189,189,0
GAU,IXA,1323,2023-08-30,10,189,10:00,189,189,0
GAU,IXA,1323,2023-08-31,13,189,10:00,189,189,0
GAU,IXA,1323,2023-09-01,10,189,10:00,189,189,0
GAU,IXA,1323,2023-09-02,12,189,10:00,189,189,0
GAU,IXA,1323,2023-09-03,10,189,10:00,189,189,0
GAU,IXA,1323,2023-09-04,11,189,10:00,189,189,0
GAU,IXA,1323,2023-09-05,10,189,10:00,189,189,0
GAU,IXA,1323,2023-09-06,10,189,10:00,189,189,0
GAU,IXA,1323,2023-09-07,11,189,10:00,189,189,0
GAU,IXA,1323,2023-09-08,10,189,10:00,189,189,0
GAU,IXA,1323,2023-09-09,10,189,10:00,189,189,0
GAU,IXA,1323,2023-09-10,10,189,10:00,189,189,0
GAU,IXA,1323,2023-09-11,10,189,10:00,189,189,0
GAU,IXA,1323,2023-09-12,10,189,10:00,189,189,0
GAU,IXA,1323,2023-09-13,10,189,10:00,189,189,0
GAU,IXA,1323,2023-09-14,10,189,10:00,189,189,0
GAU,IXA,1323,2023-09-15,10,189,10:00,189,189,0
GAU,IXA,1323,2023-09-16,10,189,10:00,189,189,0
GAU,IXA,1323,2023-09-17,10,189,10:00,189,189,0
GAU,IXA,1323,2023-09-18,10,189,10:00,189,189,0
GAU,IXA,1323,2023-09-19,10,189,10:00,189,189,0
GAU,IXA,1323,2023-09-20,10,189,10:00,189,189,0
GAU,IXA,1323,2023-09-21,10,189,10:00,189,189,0
GAU,IXA,1323,2023-09-22,10,189,10:00,189,189,0
GAU,IXA,1323,2023-09-23,10,189,10:00,189,189,0
GAU,IXA,1323,2023-09-24,10,189,10:00,189,189,0
GAU,IXA,1323,2023-09-25,11,189,10:00,189,189,0
GAU,IXA,1323,2023-09-26,10,189,10:00,189,189,0
GAU,IXA,1323,2023-09-27,10,189,10:00,189,189,0
GAU,IXA,1323,2023-09-28,10,189,10:00,189,189,0
GAU,IXA,1323,2023-09-29,10,189,10:00,189,189,0
GAU,IXA,1323,2023-09-30,11,189,10:00,189,189,0
GAU,IXA,1323,2023-10-01,10,189,10:00,189,189,0
GAU,IXA,1323,2023-10-02,10,189,10:00,189,189,0
GAU,IXA,1323,2023-10-03,10,189,10:00,189,189,0
GAU,IXA,1323,2023-10-04,10,189,10:00,189,189,0
GAU,IXA,1323,2023-10-05,10,189,10:00,189,189,0
GAU,IXA,1323,2023-10-06,11,189,10:00,189,189,0
GAU,IXA,1323,2023-10-07,12,189,10:00,189,189,0
GAU,IXA,1323,2023-10-08,11,189,10:00,189,189,0
GAU,IXA,1323,2023-10-09,10,189,10:00,189,189,0
GAU,IXA,1323,2023-10-10,10,189,10:00,189,189,0
GAU,IXA,1323,2023-10-11,10,189,10:00,189,189,0
GAU,IXA,1323,2023-10-12,10,189,10:00,189,189,0
GAU,IXA,1323,2023-10-13,10,189,10:00,189,189,0
GAU,IXA,1323,2023-10-14,18,189,10:00,189,189,0
GAU,IXA,1323,2023-10-15,17,189,10:00,189,189,0
GAU,IXA,1323,2023-10-16,2,189,10:00,189,189,0
GAU,IXA,1323,2023-10-17,1,189,10:00,189,189,0
GAU,IXA,1323,2023-10-18,9,189,10:00,189,189,0
GAU,IXA,1323,2023-10-19,5,189,10:00,189,189,0
GAU,IXA,1323,2023-10-20,0,189,10:00,189,189,0
GAU,IXA,1323,2023-10-21,0,189,10:00,189,189,0
GAU,IXA,1323,2023-10-22,1,189,10:00,189,189,0
GAU,IXA,1323,2023-10-23,0,189,10:00,189,189,0
GAU,IXA,1323,2023-10-24,0,189,10:00,189,189,0
GAU,IXA,1323,2023-10-25,0,189,10:00,189,189,0
GAU,IXA,1323,2023-10-26,0,189,10:00,189,189,0
GAU,IXA,1323,2023-10-27,0,189,10:00,189,189,0
GAU,IXA,1323,2023-10-28,0,189,10:00,189,189,0
GAU,IXA,1323,2023-10-29,3,189,10:00,189,189,0
GAU,IXA,1323,2023-10-30,0,189,10:00,189,189,0
GAU,IXA,1323,2023-10-31,0,189,10:00,189,189,0
GAU,IXA,1323,2023-11-01,0,189,10:00,189,189,0
GAU,IXA,1323,2023-11-02,0,189,10:00,189,189,0
GAU,IXA,1323,2023-11-03,0,189,10:00,189,189,0
GAU,IXA,1323,2023-11-04,0,189,10:00,189,189,0
GAU,IXA,1323,2023-11-05,0,189,10:00,189,189,0
GAU,IXA,1323,2023-11-06,0,189,10:00,189,189,0
GAU,IXA,1323,2023-11-07,1,189,10:00,189,189,0
GAU,IXA,1323,2023-11-08,0,189,10:00,189,189,0
GAU,IXA,1323,2023-11-09,0,189,10:00,189,189,0
GAU,IXA,1323,2023-11-10,0,189,10:00,189,189,0
GAU,IXA,1323,2023-11-11,0,189,10:00,189,189,0
GAU,IXA,1323,2023-11-12,0,189,10:00,189,189,0
GAU,IXA,1323,2023-11-13,1,189,10:00,189,189,0
GAU,IXA,1323,2023-11-14,0,189,10:00,189,189,0
GAU,IXA,1323,2023-11-15,0,189,10:00,189,189,0
GAU,IXA,1323,2023-11-16,0,189,10:00,189,189,0
GAU,IXA,1323,2023-11-17,2,189,10:00,189,189,0
GAU,IXA,1323,2023-11-18,0,189,10:00,189,189,0
GAU,IXA,1323,2023-11-19,0,189,10:00,189,189,0
GAU,IXA,1323,2023-11-20,0,189,10:00,189,189,0
GAU,IXA,1323,2023-11-21,0,189,10:00,189,189,0
GAU,IXA,1323,2023-11-22,0,189,10:00,189,189,0
GAU,IXA,1323,2023-11-23,0,189,10:00,189,189,0
GAU,IXA,1323,2023-11-24,0,189,10:00,189,189,0
GAU,IXA,1323,2023-11-25,0,189,10:00,189,189,0
GAU,IXA,1323,2023-11-26,0,189,10:00,189,189,0
GAU,IXA,1323,2023-11-27,0,189,10:00,189,189,0
GAU,IXA,1323,2023-11-28,0,189,10:00,189,189,0
GAU,IXA,1323,2023-11-29,0,189,10:00,189,189,0
GAU,IXA,1323,2023-11-30,0,189,10:00,189,189,0
GAU,IXA,1323,2023-12-01,0,189,10:00,189,189,0
GAU,IXA,1323,2023-12-02,0,189,10:00,189,189,0
GAU,IXA,1323,2023-12-03,0,189,10:00,189,189,0
GAU,IXA,1323,2023-12-04,0,189,10:00,189,189,0
GAU,IXA,1323,2023-12-05,0,189,10:00,189,189,0
GAU,IXA,1323,2023-12-06,0,189,10:00,189,189,0
GAU,IXA,1323,2023-12-07,0,189,10:00,189,189,0
GAU,IXA,1323,2023-12-08,0,189,10:00,189,189,0
GAU,IXA,1323,2023-12-09,0,189,10:00,189,189,0
GAU,IXA,1323,2023-12-10,0,189,10:00,189,189,0
GAU,IXA,1323,2023-12-11,0,189,10:00,189,189,0
GAU,IXA,1323,2023-12-12,0,189,10:00,189,189,0
GAU,IXA,1323,2023-12-13,0,189,10:00,189,189,0
GAU,IXA,1323,2023-12-14,0,189,10:00,189,189,0
GAU,IXA,1323,2023-12-15,0,189,10:00,189,189,0
GAU,IXA,1323,2023-12-16,0,189,10:00,189,189,0
GAU,IXA,1323,2023-12-17,0,189,10:00,189,189,0
GAU,IXA,1323,2023-12-18,0,189,10:00,189,189,0
GAU,IXA,1323,2023-12-19,2,189,10:00,189,189,0
GAU,IXA,1323,2023-12-20,0,189,10:00,189,189,0
GAU,IXA,1323,2023-12-21,0,189,10:00,189,189,0
GAU,IXA,1323,2023-12-22,0,189,10:00,189,189,0
GAU,IXA,1323,2023-12-23,0,189,10:00,189,189,0
GAU,IXA,1323,2023-12-24,0,189,10:00,189,189,0
GAU,IXA,1323,2023-12-25,0,189,10:00,189,189,0
GAU,IXA,1323,2023-12-26,0,189,10:00,189,189,0
GAU,IXA,1323,2023-12-27,0,189,10:00,189,189,0
GAU,IXA,1323,2023-12-28,0,189,10:00,189,189,0
GAU,IXA,1323,2023-12-29,0,189,10:00,189,189,0
GAU,IXA,1323,2023-12-30,0,189,10:00,189,189,0
GAU,IXA,1323,2023-12-31,0,189,10:00,189,189,0
GAU,IXA,1323,2024-01-01,0,189,10:00,189,189,0
GAU,IXA,1323,2024-01-02,0,189,10:00,189,189,0
GAU,IXA,1323,2024-01-03,0,189,10:00,189,189,0
GAU,IXA,1323,2024-01-04,0,189,10:00,189,189,0
GAU,IXA,1323,2024-01-05,0,189,10:00,189,189,0
GAU,IXA,1323,2024-01-06,0,189,10:00,189,189,0
GAU,IXA,1323,2024-01-07,0,189,10:00,189,189,0
GAU,IXA,1323,2024-01-08,0,189,10:00,189,189,0
GAU,IXA,1323,2024-01-09,0,189,10:00,189,189,0
GAU,IXA,1323,2024-01-10,0,189,10:00,189,189,0
GAU,IXA,1323,2024-01-11,0,189,10:00,189,189,0
GAU,IXA,1323,2024-01-12,0,189,10:00,189,189,0
GAU,IXA,1323,2024-01-13,0,189,10:00,189,189,0
GAU,IXA,1323,2024-01-14,0,189,10:00,189,189,0
GAU,IXA,1323,2024-01-15,0,189,10:00,189,189,0
GAU,IXA,1323,2024-01-16,0,189,10:00,189,189,0
GAU,IXA,1323,2024-01-17,0,189,10:00,189,189,0
GAU,IXA,1323,2024-01-18,0,189,10:00,189,189,0
GAU,IXA,1323,2024-01-19,0,189,10:00,189,189,0
GAU,IXA,1323,2024-01-20,0,189,10:00,189,189,0
GAU,IXA,1323,2024-01-21,0,189,10:00,189,189,0
GAU,IXA,1323,2024-01-22,0,189,10:00,189,189,0
GAU,IXA,1323,2024-01-23,0,189,10:00,189,189,0
GAU,IXA,1323,2024-01-24,0,189,10:00,189,189,0
GAU,IXA,1323,2024-01-25,0,189,10:00,189,189,0
GAU,IXA,1323,2024-01-26,0,189,10:00,189,189,0
GAU,IXA,1323,2024-01-27,0,189,10:00,189,189,0
GAU,IXA,1323,2024-01-28,0,189,10:00,189,189,0
GAU,IXA,1323,2024-01-29,0,189,10:00,189,189,0
GAU,IXA,1323,2024-01-30,0,189,10:00,189,189,0
GAU,IXA,1323,2024-01-31,0,189,10:00,189,189,0
BOM,JAI,1169,2023-08-01,45,174,10:00,174,174,0
BOM,DEL,1130,2023-09-04,112,174,10:00,174,174,0
BOM,DEL,1130,2023-09-05,50,174,10:00,174,174,0
BOM,DEL,1130,2023-09-06,68,174,10:00,174,174,0
BOM,DEL,1130,2023-09-07,98,174,10:00,174,174,0
BOM,DEL,1127,2023-09-08,150,174,10:00,174,174,0
BOM,DEL,1127,2023-09-09,164,174,10:00,174,174,0
BOM,DEL,1227,2023-08-02,140,174,10:00,174,174,0
BOM,DEL,1227,2023-08-03,180,174,10:00,174,174,0
BOM,DEL,1227,2023-08-04,150,174,10:00,174,174,0
BOM,DEL,1227,2023-08-05,141,174,10:00,174,174,0
BOM,DEL,1227,2023-08-06,147,174,10:00,174,174,0
BOM,DEL,1227,2023-08-07,117,174,10:00,174,174,0
BOM,DEL,1228,2023-08-08,155,174,10:00,174,174,0
BOM,DEL,1228,2023-08-09,118,174,10:00,174,174,0
BOM,DEL,1228,2023-08-10,158,174,10:00,174,174,0
BOM,DEL,1228,2023-08-11,160,174,10:00,174,174,0
BOM,DEL,1228,2023-12-14,8.6,174,10:00,174,174,0
BOM,DEL,1228,2023-12-15,8.5,174,10:00,174,174,0
BOM,DEL,1228,2023-12-16,8.4,174,10:00,174,174,0
BOM,DEL,1227,2023-09-01,30,174,10:00,174,174,0
BOM,DEL,1227,2023-09-02,40,174,10:00,174,174,0
BOM,DEL,1227,2023-09-03,50,174,10:00,174,174,0
BOM,DEL,1227,2023-09-04,70,174,10:00,174,174,0
BOM,DEL,1227,2023-08-08,114,174,10:00,174,174,0
BOM,DEL,1227,2023-08-09,109,174,10:00,174,174,0
BOM,DEL,1227,2023-08-10,104,174,10:00,174,174,0
BOM,DEL,1227,2023-08-11,99,174,10:00,174,174,0
BOM,DEL,1227,2023-08-12,94,174,10:00,174,174,0
BOM,DEL,1227,2023-08-13,89,174,10:00,174,174,0
BOM,DEL,1227,2023-08-14,84,174,10:00,174,174,0
BOM,DEL,1227,2023-08-15,79,174,10:00,174,174,0
BOM,DEL,1227,2023-08-16,74,174,10:00,174,174,0
BOM,DEL,1227,2023-08-17,69,174,10:00,174,174,0
BOM,DEL,1327,2023-08-01,164,174,10:00,174,174,0
BOM,DEL,1327,2023-08-02,45,174,10:00,174,174,0
BOM,DEL,1327,2023-08-03,50,174,10:00,174,174,0
BOM,DEL,1327,2023-08-04,68,174,10:00,174,174,0
BOM,DEL,1327,2023-08-05,50,174,10:00,174,174,0
BOM,DEL,1327,2023-08-06,70,174,10:00,174,174,0
BOM,DEL,1327,2023-08-07,80,174,10:00,174,174,0
BOM,DEL,1327,2023-08-08,50,174,10:00,174,174,0
BOM,DEL,1327,2023-08-09,44,174,10:00,174,174,0
BOM,DEL,1327,2023-08-10,55,174,10:00,174,174,0
BOM,DEL,1327,2023-08-11,64,174,10:00,174,174,0
BOM,DEL,1327,2023-08-12,23,174,10:00,174,174,0
BOM,DEL,1327,2023-08-13,60,174,10:00,174,174,0
BOM,DEL,1327,2023-08-14,70,174,10:00,174,174,0
BOM,DEL,1327,2023-08-15,80,174,10:00,174,174,0
BOM,DEL,1327,2023-08-16,50,174,10:00,174,174,0
BOM,DEL,1327,2023-08-17,44,174,10:00,174,174,0
BOM,DEL,1327,2023-08-18,55,174,10:00,174,174,0
BOM,DEL,1327,2023-08-19,64,174,10:00,174,174,0
BOM,DEL,1327,2023-08-20,56,174,10:00,174,174,0
BOM,DEL,1327,2023-08-21,51,174,10:00,174,174,0
BOM,DEL,1327,2023-08-22,44,174,10:00,174,174,0
BOM,DEL,1327,2023-08-23,40,174,10:00,174,174,0
BOM,DEL,1327,2023-08-24,50,174,10:00,174,174,0
BOM,DEL,1327,2023-08-25,36,174,10:00,174,174,0
BOM,DEL,1327,2023-08-26,50,174,22:00,174,174,0
BOM,DEL,1327,2023-08-27,68,174,4:00,174,174,0
BOM,DEL,1327,2023-08-28,98,174,12:05,174,174,0
BOM,DEL,1327,2023-08-29,123,174,21:30,174,174,0
BOM,DEL,1327,2023-08-30,56,174,14:00,174,174,0
BOM,DEL,1427,2023-08-01,173,174,6:00,174,174,0
BOM,DEL,1427,2023-08-02,128,174,7:00,174,174,0
BOM,DEL,1427,2023-08-03,135,174,9:00,174,174,0
BOM,DEL,1427,2023-08-04,93,174,21:00,174,174,0
BOM,DEL,1427,2023-08-05,122,174,6:00,174,174,0
BOM,DEL,1427,2023-08-06,98,174,6:00,174,174,0
BOM,DEL,1427,2023-08-07,110,174,10:00,174,174,0
BOM,DEL,1427,2023-08-08,82,174,10:00,174,174,0
BOM,DEL,1428,2023-08-01,163,174,11:50,174,174,0
BOM,DEL,1429,2023-08-01,168,174,10:30,174,174,0
BOM,DEL,1430,2023-08-01,162,174,14:00,174,174,0
BOM,DEL,1431,2023-08-01,168,174,15:00,174,174,0
BOM,DEL,1432,2023-08-01,170,174,16:00,174,174,0
JAI,BOM,1433,2023-08-01,165,174,16:00,174,174,0
JAI,BOM,1433,2023-08-02,160,174,17:00,174,174,0
JAI,BOM,1433,2023-08-03,155,174,18:00,174,174,0
JAI,BOM,1433,2023-08-04,159,174,19:00,174,174,0
JAI,BOM,1433,2023-08-05,157,174,19:00,174,174,0
JAI,BOM,1433,2023-08-06,155,174,10:00,174,174,0
JAI,BOM,1433,2023-08-07,153,174,10:00,174,174,0
JAI,BOM,1433,2023-08-08,151,174,14:05,174,174,0
JAI,BOM,1433,2023-08-09,149,174,10:00,174,174,0
JAI,BOM,1433,2023-08-10,147,174,13:00,174,174,0
JAI,BOM,1433,2023-08-11,145,174,11:30,174,174,0
JAI,BOM,1433,2023-08-12,143,174,12:05,174,174,0
JAI,BOM,1433,2023-08-17,143,174,12:05,174,174,0
BOM,DEL,1120,2023-08-02,168,174,13:05,174,174,0
BOM,DEL,1120,2023-08-03,169,174,14:05,174,174,0
BOM,DEL,1120,2023-08-04,166,174,15:05,174,174,0
BOM,DEL,1120,2023-08-05,167,174,16:05,174,174,0
BOM,DEL,1120,2023-08-06,169,174,17:05,174,174,0
BOM,DEL,1120,2023-08-07,152,174,18:05,174,174,0
BOM,DEL,1410,2023-08-08,161,174,19:05,174,174,0
BOM,DEL,1120,2023-08-09,160,174,20:05,174,174,0
BOM,DEL,1120,2023-08-10,170,174,21:05,174,174,0
DEL,JAI,1434,2023-08-02,168,174,12:05,174,174,0
DEL,JAI,1437,2023-08-02,156,174,18:00,174,174,0
DEL,JAI,1435,2023-08-03,166,174,12:05,174,174,0
DEL,JAI,1437,2023-08-03,167,174,18:00,174,174,0
DEL,JAI,1436,2023-08-04,167,174,12:05,174,174,0
DEL,JAI,1437,2023-08-04,156,174,18:00,174,174,0
DEL,JAI,1441,2023-08-01,170,174,12:05,174,174,0
DEL,JAI,1437,2023-08-01,167,174,18:00,174,174,0
DEL,JAI,1438,2023-08-02,170,174,10:00,174,174,0
DEL,JAI,1437,2023-08-02,165,174,18:00,174,174,0
DEL,JAI,1439,2023-08-03,168,174,21:30,174,174,0
DEL,JAI,1440,2023-08-04,174,174,9:00,176,174,0
DEL,JAI,1438,2023-08-04,156,174,18:00,174,174,0
BOM,DEL,1351,2023-08-01,167,174,4:00,174,174,0
BOM,DEL,1352,2023-08-02,167,174,8:00,174,174,0
BOM,DEL,1353,2023-08-03,156,174,12:00,174,174,0
BOM,DEL,1354,2023-08-04,170,174,16:00,174,174,0
BOM,DEL,1355,2023-08-05,167,174,20:00,174,174,0
BOM,DEL,1356,2023-08-06,170,174,0:00,174,174,0
BOM,DEL,1357,2023-08-07,165,174,6:00,174,174,0
BOM,DEL,1358,2023-08-08,168,174,8:00,174,174,0
BOM,DEL,1359,2023-08-09,174,174,10:00,174,174,0
BOM,DEL,1360,2023-08-10,156,174,22:00,174,174,0
BLR,DEL,1451,2023-08-01,123,174,1:30,174,174,0
BLR,DEL,1452,2023-08-02,56,174,4:30,174,174,0
BLR,DEL,1453,2023-08-03,125,174,7:30,174,174,0
BLR,DEL,1454,2023-08-04,128,174,10:30,174,174,0
BLR,DEL,1455,2023-08-05,135,174,13:30,174,174,0
BLR,DEL,1456,2023-08-06,93,174,10:30,174,174,0
BLR,DEL,1457,2023-08-07,122,174,19:30,174,174,0
BLR,DEL,1551,2023-08-01,123,174,1:30,140,174,0
BLR,DEL,1552,2023-08-02,56,174,4:30,150,174,0
BLR,DEL,1553,2023-08-03,125,174,7:30,204,174,0
BLR,DEL,1554,2023-08-04,128,174,10:30,174,144,0
BLR,DEL,1555,2023-08-05,135,174,13:30,174,154,0
BLR,DEL,1556,2023-08-06,93,174,10:30,144,134,0
BLR,DEL,1557,2023-08-07,122,140,19:30,174,174,0
AMD,GWL,1558,2023-08-01,93,174,10:30,174,134,0
GWL,AMD,1559,2023-08-02,122,174,19:30,174,174,0
BOM,DEL,1220,2023-08-01,171,174,10:30,174,174,0
BOM,DEL,1220,2023-08-02,140,174,13:30,174,174,0
BOM,DEL,1220,2023-08-03,60,174,10:30,174,174,0
BOM,DEL,1220,2023-08-04,135,174,10:30,174,174,0
BOM,DEL,1221,2023-08-01,130,174,10:30,174,174,0
BOM,DEL,1221,2023-08-02,120,174,10:30,174,174,0
BOM,DEL,1221,2023-08-03,110,174,10:30,174,174,0
BOM,DEL,1221,2023-08-04,100,174,10:30,174,174,0
BOM,DEL,1221,2023-08-05,90,174,10:30,174,174,0
BOM,DEL,1221,2023-08-06,80,174,10:30,174,174,0
BOM,DEL,1221,2023-08-07,70,174,10:30,174,174,0
BOM,DEL,1230,2023-09-01,150,174,19:30,174,174,0
BOM,DEL,1230,2023-09-02,140,174,10:30,174,174,0
BOM,DEL,1230,2023-09-03,130,174,13:30,174,174,0
BOM,DEL,1230,2023-09-04,120,174,10:30,174,174,0
BOM,DEL,1230,2023-09-05,110,174,10:30,174,174,0
BOM,DEL,1230,2023-09-06,100,174,10:30,174,174,0
BOM,DEL,1230,2023-09-07,90,174,10:30,174,174,0
BOM,DEL,1230,2023-09-08,80,174,10:30,174,174,0
BOM,DEL,1230,2023-09-09,70,174,10:30,174,174,0
BOM,DEL,1230,2023-09-10,60,174,10:30,174,174,0
BOM,DEL,1230,2023-09-11,50,174,10:30,174,174,0
BOM,DEL,1230,2023-09-12,65,174,10:30,174,174,0
BOM,DEL,1230,2023-09-13,125,174,19:30,174,174,0
BOM,DEL,1230,2023-09-14,130,174,20:30,174,174,0
BOM,DEL,1230,2023-09-15,138,174,21:30,174,174,0
BOM,DEL,1420,2023-08-20,56,174,23:30,174,174,0
BOM,DEL,1420,2023-08-21,51,174,0:30,174,174,0
BOM,DEL,1420,2023-08-22,44,174,9:00,174,174,0
BOM,DEL,1420,2023-08-23,40,174,13:00,174,174,0
BOM,DEL,1420,2023-08-24,50,174,13:00,174,174,0
BOM,DEL,1420,2023-08-25,36,174,13:00,174,174,0
BOM,DEL,1420,2023-08-26,50,174,16:00,174,174,0
BOM,DEL,1420,2023-08-03,50,174,17:00,174,174,0
BOM,DEL,1420,2023-08-04,68,174,18:00,174,174,0
BOM,DEL,1420,2023-08-05,50,174,19:00,174,174,0
BOM,DEL,1421,2023-09-11,50,174,19:00,174,174,0
BOM,DEL,1421,2023-09-12,65,174,10:00,174,174,0
BOM,DEL,1421,2023-09-13,125,174,10:00,174,174,0
BOM,DEL,1421,2023-09-14,130,174,14:05,174,174,0
BOM,DEL,1421,2023-09-15,138,174,10:00,174,174,0
BOM,DEL,1422,2023-08-25,1,189,9:00,189,189,0
BOM,DEL,1423,2023-08-25,1,189,13:00,189,189,0
BOM,DEL,1424,2023-08-23,40,174,13:00,174,174,0
BOM,DEL,1520,2023-08-20,56,174,23:30,174,174,0
BOM,DEL,1520,2023-08-21,51,174,0:30,174,174,0
BOM,DEL,1520,2023-08-22,44,174,9:00,174,174,0
BOM,DEL,1520,2023-08-23,40,174,13:00,174,174,0
BOM,DEL,1520,2023-08-24,50,174,13:00,174,174,0
BOM,DEL,1520,2023-08-25,36,174,13:00,174,174,0
BOM,DEL,1520,2023-08-26,50,174,16:00,174,174,0
BOM,DEL,1520,2023-08-03,50,174,17:00,174,174,0
BOM,DEL,1520,2023-08-04,68,174,18:00,174,174,0
BOM,DEL,1520,2023-08-05,50,174,19:00,174,174,0
BOM,DEL,1521,2023-09-11,50,174,19:00,174,174,0
BOM,DEL,1521,2023-09-12,65,174,10:00,174,174,0
BOM,DEL,1521,2023-09-13,125,174,10:00,174,174,0
BOM,DEL,1521,2023-09-14,130,174,14:05,174,174,0
BOM,DEL,1521,2023-09-15,138,174,10:00,174,174,0
BOM,DEL,1522,2023-08-25,1,189,9:00,189,189,0
BOM,DEL,1523,2023-08-25,1,189,13:00,189,189,0
BOM,DEL,1524,2023-08-23,40,174,13:00,174,174,0
BOM,DEL,1620,2023-08-24,50,174,13:00,174,174,0
BLR,AMD,1331,2023-08-01,8,174,7:00,174,174,0
AMD,DEL,1606,2023-08-01,10,174,11:00,174,174,0
BLR,AMD,1331,2023-08-02,8,174,7:00,174,174,0
AMD,DEL,1606,2023-08-02,10,174,11:00,174,174,0
BLR,AMD,1331,2023-08-03,20,174,22:00,174,174,0
AMD,DEL,1606,2023-08-03,10,174,0:05,174,174,0
BLR,AMD,1331,2023-08-04,20,174,22:00,174,174,0
AMD,DEL,1606,2023-08-04,10,174,0:05,174,174,0
BLR,AMD,1331,2023-08-05,10,174,7:00,174,174,0
AMD,DEL,1606,2023-08-05,20,174,21:00,174,174,0
BLR,AMD,1331,2023-08-06,5,174,7:00,174,174,0
AMD,DEL,1606,2023-08-06,10,174,13:00,174,174,0
BLR,AMD,1331,2023-08-07,15,174,7:00,174,174,0
AMD,DEL,1606,2023-08-07,20,174,11:00,174,174,0
BLR,AMD,1331,2023-08-08,10,174,7:00,174,174,0
AMD,DEL,1606,2023-08-08,10,174,14:00,174,174,0
IXA,GAU,1324,2023-08-09,10,174,15:00,174,174,0
GAU,BLR,1371,2023-08-09,10,174,19:45,174,174,0
BOM,DEL,2409,2023-08-01,140,174,10:30,174,174,0
BOM,DEL,2409,2023-08-02,132,174,10:30,174,174,0
BOM,DEL,2409,2023-08-03,110,174,10:30,174,174,0
BOM,DEL,2409,2023-08-04,100,174,10:30,174,174,0
BOM,DEL,2409,2023-08-05,90,174,10:30,174,174,0
BOM,DEL,2409,2023-08-06,80,174,10:30,174,174,0
BOM,DEL,2415,2023-08-03,50,174,17:00,174,174,0
BOM,DEL,2415,2023-08-04,68,174,18:00,174,174,0
BOM,DEL,2415,2023-08-05,50,174,19:00,174,174,0
BOM,DEL,2415,2023-09-15,138,174,10:00,174,174,0
BOM,DEL,2417,2023-08-20,56,174,23:30,174,174,0
BOM,DEL,2417,2023-08-21,51,174,0:30,174,174,0
BOM,DEL,2417,2023-08-22,44,174,9:00,174,174,0
BOM,DEL,2417,2023-08-23,40,174,13:00,174,174,0
BOM,DEL,2417,2023-08-24,50,174,13:00,174,174,0
BOM,DEL,2417,2023-08-25,36,174,13:00,174,174,0
BOM,DEL,2417,2023-08-26,50,174,16:00,174,174,0
DEL,BOM,2417,2023-08-22,30,100,10:00,100,100,0
BOM,DEL,2405,2023-08-01,140,174,10:30,174,174,0
BOM,DEL,2405,2023-08-02,132,174,10:30,174,174,0
BOM,DEL,2405,2023-08-03,110,174,10:30,174,174,0
BOM,DEL,2405,2023-08-04,100,174,10:30,174,174,0
BOM,DEL,2405,2023-08-05,90,174,10:30,174,174,0
BOM,DEL,2405,2023-08-06,80,174,10:30,174,174,0
BOM,DEL,2430,2023-08-03,50,174,17:00,174,174,0
BOM,DEL,2431,2023-08-03,50,174,17:00,174,174,0
BOM,DEL,2432,2023-08-03,50,174,17:00,174,174,0
BOM,DEL,2433,2023-08-03,50,174,17:00,174,174,0
BOM,DEL,2434,2023-08-03,50,174,17:00,174,174,0
BOM,DEL,2435,2023-08-03,50,174,17:00,174,174,0
BOM,DEL,2436,2023-08-03,50,174,17:00,174,174,0
BOM,DEL,2437,2023-08-03,50,174,17:00,174,174,0
BOM,DEL,4603,2023-08-01,10,189,10:00,189,189,0
BOM,DEL,4613,2023-08-01,164,174,10:00,174,174,0
DEL,JAI,4603,2023-08-01,167,174,18:00,174,174,0
BOM,DEL,4623,2023-08-01,10,189,10:00,189,189,0
BOM,DEL,4604,2023-08-03,50,174,17:00,174,174,0
BOM,DEL,4604,2023-08-05,50,174,19:00,174,174,0
BOM,DEL,4604,2023-08-25,1,189,13:00,189,189,0
BOM,DEL,4604,2023-08-23,40,174,13:00,174,174,0
DEL,BOM,1434,2023-08-02,172,174,12:05,174,174,0
DEL,BOM,1437,2023-08-02,156,174,18:00,174,174,0
DEL,BOM,1435,2023-08-02,166,174,12:05,174,174,0
DEL,BOM,1437,2023-08-02,173,174,21:00,174,174,0
DEL,BOM,1436,2023-08-04,167,174,12:05,174,174,0
DEL,BOM,1437,2023-08-04,156,174,18:00,174,174,0
DEL,BOM,1441,2023-08-01,170,174,12:05,174,174,0
DEL,BOM,1437,2023-08-01,167,174,18:00,174,174,0
DEL,BOM,1438,2023-08-02,170,174,10:00,174,174,0
DEL,BOM,1437,2023-08-02,165,174,18:00,174,174,0
DEL,BOM,1439,2023-08-03,168,174,21:30,174,174,0
DEL,BOM,1440,2023-08-01,174,174,9:00,176,174,0
DEL,BOM,1438,2023-08-01,156,174,18:00,174,174,0
BOM,DEL,7402,2023-08-01,150,174,13:00,189,189,0
BOM,DEL,7403,2023-08-01,140,174,13:00,174,174,0
BOM,DEL,7404,2023-08-01,130,174,12:05,174,174,0
BOM,DEL,7405,2023-08-01,110,174,12:05,174,174,0
BOM,DEL,7402,2023-08-02,90,174,12:05,174,174,0
BOM,DEL,7403,2023-08-02,80,174,18:00,174,174,0
BOM,DEL,7404,2023-08-02,70,174,12:05,174,174,0
BOM,DEL,7405,2023-08-02,60,174,18:00,174,174,0
BOM,DEL,7402,2023-08-03,50,174,18:00,174,174,0
BOM,DEL,7403,2023-08-04,50,174,17:00,174,174,0
BOM,DEL,1574,2023-09-15,138,174,10:00,174,174,0
BOM,DEL,1674,2023-09-15,5,174,10:00,174,174,0
DOH,BOM,71,2023-08-01,115,174,10:00,174,174,0
DOH,BOM,71,2023-08-02,140,174,11:00,174,174,0
DOH,BOM,71,2023-08-03,130,174,12:00,174,174,0
DOH,BOM,71,2023-08-04,110,174,13:00,174,174,0
DOH,BOM,71,2023-08-05,90,174,14:00,174,174,0
DOH,BOM,71,2023-08-06,80,174,15:00,174,174,0
DOH,BOM,71,2023-08-07,70,174,16:00,174,174,0
DOH,BOM,71,2023-08-08,60,174,17:00,174,174,0
DOH,BOM,71,2023-08-09,50,174,18:00,174,174,0
DOH,BOM,71,2023-08-10,50,174,19:00,174,174,0
DOH,BOM,71,2023-08-11,138,174,20:00,174,174,0
DOH,BOM,71,2023-08-12,115,174,21:00,174,174,0
BOM,COK,4806,2023-08-01,50,174,10:00,174,174,0
BOM,COK,4806,2023-08-02,50,174,11:00,174,174,0
BOM,COK,4806,2023-08-03,138,174,12:00,174,174,0
BOM,COK,4806,2023-08-04,5,174,13:00,174,174,0
BOM,COK,4806,2023-08-05,115,174,14:00,174,174,0
BOM,COK,4806,2023-08-06,140,174,15:00,174,174,0
BOM,COK,4806,2023-08-07,130,174,16:00,174,174,0
BOM,COK,4806,2023-08-08,110,174,17:00,174,174,0
BOM,COK,4806,2023-08-09,90,174,18:00,174,174,0
BOM,COK,4806,2023-08-10,80,174,19:00,174,174,0
BOM,COK,4806,2023-08-11,70,174,20:00,174,174,0
BOM,COK,4806,2023-08-12,60,174,21:00,174,174,0
BOM,DEL,4820,2023-08-01,138,174,10:00,174,174,0
BOM,DEL,4821,2023-08-01,138,174,11:00,174,174,0
BOM,DEL,4822,2023-08-01,138,174,12:00,174,174,0
BOM,DEL,4823,2023-08-01,138,174,13:00,174,174,0
JAI,BOM,4911,2023-08-01,138,174,13:00,174,174,0
JAI,BOM,4911,2023-08-06,138,174,13:00,174,174,0
BOM,DEL,4925,2023-08-20,50,174,14:00,174,174,0
BOM,DEL,4925,2023-08-21,50,174,15:00,174,174,0
BOM,DEL,4925,2023-08-22,138,174,16:00,174,174,0
BOM,DEL,4925,2023-08-23,5,220,17:00,220,220,0
BOM,DEL,4925,2023-08-24,115,174,18:00,174,174,0
BOM,DEL,4016,2023-08-01,148,174,19:00,174,174,0
BOM,DEL,4016,2023-08-02,140,174,20:00,174,174,0
BOM,DEL,4016,2023-08-03,135,210,21:00,210,210,0
BOM,DEL,4016,2023-08-04,130,174,22:00,174,174,0
BOM,DEL,4028,2023-08-01,138,174,16:00,174,174,0
BOM,DEL,4028,2023-08-06,5,220,17:00,220,220,0
BOM,DEL,4028,2023-08-03,115,174,18:00,174,174,0
BOM,DEL,4028,2023-08-08,148,174,19:00,174,174,0
BOM,DEL,4028,2023-08-09,140,174,20:00,174,174,0
BOM,DEL,4028,2023-08-10,135,210,21:00,210,210,0
BOM,DEL,4028,2023-08-11,130,174,22:00,174,174,0
BOM,DEL,4028,2023-08-12,140,174,20:00,174,174,0
BOM,DEL,4029,2023-08-01,90,174,12:05,174,174,0
BOM,DEL,4029,2023-08-02,156,174,18:00,174,174,0
BOM,DEL,4029,2023-08-03,80,174,12:05,174,174,0
BOM,DEL,4029,2023-08-04,173,174,21:00,174,174,0
BOM,DEL,4029,2023-08-05,100,174,12:05,174,174,0
BOM,DEL,4029,2023-08-06,97,174,18:00,174,174,0
BOM,DEL,4029,2023-08-07,110,174,12:05,174,174,0
BOM,DEL,4029,2023-08-08,85,174,18:00,174,174,0
BOM,DEL,4029,2023-08-09,60,174,10:00,174,174,0
BOM,DEL,4029,2023-08-10,111,174,18:00,174,174,0
BOM,DEL,4029,2023-08-11,90,174,21:30,174,174,0
BOM,DEL,4029,2023-08-12,4,174,9:00,174,174,0
BOM,DEL,4106,2023-08-01,174,174,9:00,174,174,0
BOM,DEL,4106,2023-08-02,10,174,9:00,174,174,0
BOM,DEL,4107,2023-08-01,156,174,10:00,174,174,0
BOM,DEL,4107,2023-08-02,80,174,18:00,174,174,0
BOM,DEL,4107,2023-08-03,113,174,21:30,174,174,0
BOM,DEL,4107,2023-08-23,60,174,9:00,174,174,0
BOM,DEL,4124,2023-08-11,130,174,22:00,174,174,0
BOM,DEL,4125,2023-08-11,130,174,22:00,174,174,0
BOM,DEL,4126,2023-08-11,130,174,22:00,174,174,0
BOM,DEL,4128,2023-08-02,92,174,22:00,174,174,0
BOM,JAI,4203,2023-08-01,10,174,9:00,174,174,0
BOM,JAI,4203,2023-08-02,156,174,10:00,174,174,0
BOM,JAI,4203,2023-08-03,80,174,18:00,174,174,0
BOM,JAI,4203,2023-08-04,113,174,21:30,174,174,0
BOM,JAI,4203,2023-08-05,60,174,9:00,174,174,0
BOM,JAI,4203,2023-08-06,130,174,22:00,174,174,0
BOM,DEL,4203,2023-08-03,80,174,12:05,174,174,0
BOM,DEL,4203,2023-08-04,173,174,21:00,174,174,0
BOM,DEL,4203,2023-08-05,100,174,12:05,174,174,0
BOM,DEL,4203,2023-08-06,97,174,18:00,174,174,0
BOM,DEL,4213,2023-08-03,97,174,18:00,174,174,0
BOM,DEL,4217,2023-08-04,150,174,21:30,174,174,0
BOM,DEL,4217,2023-08-05,105,174,9:00,174,174,0
BOM,DEL,4220,2023-08-20,85,174,18:00,174,174,0
BOM,DEL,4220,2023-08-21,60,174,10:00,174,174,0
BOM,DEL,4220,2023-08-22,111,174,18:00,174,174,0
BOM,DEL,4220,2023-08-23,90,174,21:30,174,174,0
BOM,DEL,4220,2023-08-24,4,174,9:00,174,174,0
BOM,DEL,5102,2023-09-11,50,174,19:00,174,174,0
BOM,DEL,5102,2023-09-12,65,174,10:00,174,174,0
BOM,DEL,5102,2023-09-13,125,174,10:00,174,174,0
BOM,DEL,5102,2023-09-14,130,174,14:05,174,174,0
BOM,DEL,5102,2023-09-15,138,174,10:00,174,174,0
JAI,JSA,5106,2023-08-03,125,174,10:00,174,174,0
JSA,JAI,5106,2023-08-04,130,174,14:05,174,174,0
BOM,DEL,5106,2023-08-04,138,174,10:00,174,174,0
JSA,JAI,5107,2023-08-04,130,174,14:05,174,174,0
BLR,DEL,5107,2023-08-04,138,174,10:00,174,174,0
BOM,DEL,5108,2023-08-01,130,174,11:05,174,174,0
DEL,BOM,5108,2023-08-01,138,174,13:15,174,174,0
BLR,DEL,5108,2023-08-01,130,174,14:05,174,174,0
DEL,BLR,5108,2023-08-02,138,174,10:00,174,174,0
BLR,DEL,5102,2023-08-01,138,174,13:45,174,174,0
BOM,DEL,5103,2023-08-01,138,174,14:45,174,174,0
BOM,DEL,5104,2023-08-01,138,174,15:45,174,174,0
BOM,DEL,5105,2023-08-01,138,174,16:45,174,174,0
BOM,DEL,5109,2023-08-01,138,174,17:45,174,174,0
BOM,DEL,5110,2023-08-01,138,174,18:45,174,174,0
BOM,JAI,5111,2023-08-01,138,174,15:45,174,174,0
BOM,JAI,5112,2023-08-02,138,174,16:45,174,174,0
BOM,JAI,5113,2023-08-03,138,174,17:45,174,174,0
BOM,JAI,5114,2023-08-04,138,174,18:45,174,174,0
BOM,DEL,5431,2023-08-01,168,174,15:00,174,174,0
BOM,DEL,5520,2023-08-26,50,174,16:00,174,174,0
BOM,DEL,5230,2023-09-11,50,174,10:30,174,174,0
DEL,BOM,5440,2023-08-01,174,174,9:00,176,174,0
BOM,JAI,5203,2023-08-02,113,174,21:30,174,174,0
JAI,BOM,5433,2023-08-02,165,174,16:00,174,174,0
BOM,DEL,5432,2023-08-01,168,174,15:00,174,174,0
BOM,INR,1127,2023-08-01,10,189,10:00,189,189,0
BOM,INR,4028,2023-08-01,138,174,16:00,174,174,0
BOM,INR,7402,2023-08-02,90,174,12:05,174,174,0
BOM,INR,4016,2023-08-02,140,174,20:00,174,174,0
BOM,INR,1220,2023-08-03,60,174,10:30,174,174,0
BOM,INR,4016,2023-08-03,135,210,21:00,210,210,0
BOM,INR,5113,2023-08-03,138,174,17:45,174,174,0
BOM,INR,1427,2023-08-03,135,174,9:00,174,174,0
BOM,INR,4107,2023-08-03,113,174,21:30,174,174,0
BOM,INR,7403,2023-08-02,80,174,18:00,174,174,0
BOM,INR,1227,2023-09-02,40,200,10:00,200,200,0
BOM,INR,5302,2023-08-01,168,174,15:00,174,174,0
BOM,INR,5303,2023-08-01,175,178,15:00,178,174,0
BOM,INR,5302,2023-08-02,172,176,10:00,176,174,0
BOM,INR,5303,2023-08-02,177,178,10:00,178,174,0
BOM,INR,5302,2023-08-03,178,178,21:30,178,174,0
BOM,INR,5303,2023-08-03,178,178,21:30,178,174,0
BOM,DEL,5302,2023-08-01,164,174,10:00,174,174,0
BOM,DEL,5303,2023-08-01,163,174,11:50,174,174,0
BOM,DEL,5205,2023-08-23,138,174,18:45,174,174,5
BOM,DEL,5205,2023-08-02,168,174,15:00,174,174,5
BOM,DEL,5205,2023-08-03,50,174,16:00,174,174,10
BOM,DEL,5205,2023-08-05,50,174,10:30,174,174,0
BOM,DEL,5205,2023-08-20,174,174,9:00,176,174,0
BOM,DEL,5205,2023-08-21,113,174,21:30,174,174,5
BOM,DEL,5205,2023-08-22,165,174,16:00,174,174,0
BOM,INR,1433,2023-08-04,159,174,19:00,174,174,0
BOM,INR,4217,2023-08-04,150,174,21:30,174,174,0
BLR,DEL,5310,2023-08-01,123,174,1:30,174,174,0
BOM,DEL,5310,2023-08-01,162,174,14:00,174,174,0
BOM,DEL,5310,2023-08-17,69,174,10:00,174,174,0
JAI,BOM,5310,2023-08-17,143,174,12:05,174,174,0
