NDO,CurveID,LF,Pax,B2C_Avg_Fare,B2B_Avg_Fare
0,C18946,0.9,170.1,2246,1776
1,C18946,0.83,156.87,2247,1777
2,C18946,0.77,145.53,2248,1778
3,C18946,0.72,136.08,2249,1779
4,C18946,0.68,128.52,2250,1780
5,C18946,0.64,120.96,2251,1781
6,C18946,0.6,113.4,2252,1782
7,C18946,0.565,106.785,2253,1783
8,C18946,0.53,100.17,2254,1784
9,C18946,0.5,94.5,2255,1785
10,C18946,0.47,88.83,2256,1786
11,C18946,0.45,85.05,2257,1787
12,C18946,0.43,81.27,2258,1788
13,C18946,0.41,77.49,2259,1789
14,C18946,0.4,75.6,2260,1790
15,C18946,0.39,73.71,2261,1791
16,C18946,0.38,71.82,2262,1792
17,C18946,0.37,69.93,2263,1793
18,C18946,0.36,68.04,2264,1794
19,C18946,0.35,66.15,2265,1795
20,C18946,0.34,64.26,2266,1796
21,C18946,0.33,62.37,2267,1797
22,C18946,0.32,60.48,2268,1798
23,C18946,0.31,58.59,2269,1799
24,C18946,0.3,56.7,2270,1800
25,C18946,0.29,54.81,2271,1801
26,C18946,0.28,52.92,2272,1802
27,C18946,0.27,51.03,2273,1803
28,C18946,0.26,49.14,2274,1804
29,C18946,0.25,47.25,2275,1805
30,C18946,0.24,45.36,2276,1806
31,C18946,0.237931034,44.96896552,2277,1807
32,C18946,0.235862069,44.57793103,2278,1808
33,C18946,0.231724138,43.79586207,2279,1809
34,C18946,0.227586207,43.0137931,2280,1810
35,C18946,0.223448276,42.23172414,2281,1811
36,C18946,0.219310345,41.44965517,2282,1812
37,C18946,0.215172414,40.66758621,2283,1813
38,C18946,0.211034483,39.88551724,2284,1814
39,C18946,0.206896552,39.10344828,2285,1815
40,C18946,0.202758621,38.32137931,2286,1816
41,C18946,0.19862069,37.53931034,2287,1817
42,C18946,0.194482759,36.75724138,2288,1818
43,C18946,0.190344828,35.97517241,2289,1819
44,C18946,0.186206897,35.19310345,2290,1820
45,C18946,0.182068966,34.41103448,2291,1821
46,C18946,0.177931034,33.62896552,2292,1822
47,C18946,0.173793103,32.84689655,2293,1823
48,C18946,0.169655172,32.06482759,2294,1824
49,C18946,0.165517241,31.28275862,2295,1825
50,C18946,0.16137931,30.50068966,2296,1826
51,C18946,0.157241379,29.71862069,2297,1827
52,C18946,0.153103448,28.93655172,2298,1828
53,C18946,0.148965517,28.15448276,2299,1829
54,C18946,0.144827586,27.37241379,2300,1830
55,C18946,0.140689655,26.59034483,2301,1831
56,C18946,0.136551724,25.80827586,2302,1832
57,C18946,0.132413793,25.0262069,2303,1833
58,C18946,0.128275862,24.24413793,2304,1834
59,C18946,0.124137931,23.46206897,2305,1835
60,C18946,0.121862069,23.03193103,2306,1836
61,C18946,0.119586207,22.6017931,2307,1837
62,C18946,0.117310345,22.17165517,2308,1838
63,C18946,0.115034483,21.74151724,2309,1839
64,C18946,0.112758621,21.31137931,2310,1840
65,C18946,0.110482759,20.88124138,2311,1841
66,C18946,0.108206897,20.45110345,2312,1842
67,C18946,0.105931034,20.02096552,2313,1843
68,C18946,0.103655172,19.59082759,2314,1844
69,C18946,0.10137931,19.16068966,2315,1845
70,C18946,0.099103448,18.73055172,2316,1846
71,C18946,0.096827586,18.30041379,2317,1847
72,C18946,0.094551724,17.87027586,2318,1848
73,C18946,0.092275862,17.44013793,2319,1849
74,C18946,0.09,17.01,2320,1850
75,C18946,0.087724138,16.57986207,2321,1851
76,C18946,0.085448276,16.14972414,2322,1852
77,C18946,0.083172414,15.71958621,2323,1853
78,C18946,0.080896552,15.28944828,2324,1854
79,C18946,0.07862069,14.85931034,2325,1855
80,C18946,0.076344828,14.42917241,2326,1856
81,C18946,0.074068966,13.99903448,2327,1857
82,C18946,0.071793103,13.56889655,2328,1858
83,C18946,0.069517241,13.13875862,2329,1859
84,C18946,0.067241379,12.70862069,2330,1860
85,C18946,0.064965517,12.27848276,2331,1861
86,C18946,0.062689655,11.84834483,2332,1862
87,C18946,0.060413793,11.4182069,2333,1863
88,C18946,0.058137931,10.98806897,2334,1864
89,C18946,0.055862069,10.55793103,2335,1865
90,C18946,0.055241379,10.44062069,2336,1866
91,C18946,0.05462069,10.32331034,2337,1867
92,C18946,0.054,10.206,2338,1868
93,C18946,0.05337931,10.08868966,2339,1869
94,C18946,0.052758621,9.97137931,2340,1870
95,C18946,0.052137931,9.854068966,2341,1871
96,C18946,0.051517241,9.736758621,2342,1872
97,C18946,0.050896552,9.619448276,2343,1873
98,C18946,0.050275862,9.502137931,2344,1874
99,C18946,0.049655172,9.384827586,2345,1875
100,C18946,0.049034483,9.267517241,2346,1876
101,C18946,0.048413793,9.150206897,2347,1877
102,C18946,0.047793103,9.032896552,2348,1878
103,C18946,0.047172414,8.915586207,2349,1879
104,C18946,0.046551724,8.798275862,2350,-99
105,C18946,0.045931034,8.680965517,-99,-99
106,C18946,0.045310345,8.563655172,-99,-99
107,C18946,0.044689655,8.446344828,-99,-99
108,C18946,0.044068966,8.329034483,-99,1884
109,C18946,0.043448276,8.211724138,2355,1885
110,C18946,0.042827586,8.094413793,2356,1886
111,C18946,0.042206897,7.977103448,2357,1887
112,C18946,0.041586207,7.859793103,2358,1888
113,C18946,0.040965517,7.742482759,2359,1889
114,C18946,0.040344828,7.625172414,2360,1890
115,C18946,0.039724138,7.507862069,2361,1891
116,C18946,0.039103448,7.390551724,2362,1892
117,C18946,0.038482759,7.273241379,2363,1893
118,C18946,0.037862069,7.155931034,2364,1894
119,C18946,0.037241379,7.03862069,2365,1895
120,C18946,0.037216045,7.033832512,2366,1896
121,C18946,0.037190711,7.029044335,2367,1897
122,C18946,0.037165376,7.024256158,2368,1898
123,C18946,0.037140042,7.01946798,2369,1899
124,C18946,0.037114708,7.014679803,2370,1900
125,C18946,0.037089374,7.009891626,2371,1901
126,C18946,0.037064039,7.005103448,2372,1902
127,C18946,0.037038705,7.000315271,2373,1903
128,C18946,0.037013371,6.995527094,2374,1904
129,C18946,0.036988037,6.990738916,2375,1905
130,C18946,0.036962702,6.985950739,2376,1906
131,C18946,0.036937368,6.981162562,2377,1907
132,C18946,0.036912034,6.976374384,2378,1908
133,C18946,0.0368867,6.971586207,2379,1909
134,C18946,0.036861365,6.96679803,2380,1910
135,C18946,0.036836031,6.962009852,2381,1911
136,C18946,0.036810697,6.957221675,2382,1912
137,C18946,0.036785362,6.952433498,2383,1913
138,C18946,0.036760028,6.94764532,2384,1914
139,C18946,0.036734694,6.942857143,2385,1915
140,C18946,0.03670936,6.938068966,2386,1916
141,C18946,0.036684025,6.933280788,2387,1917
142,C18946,0.036658691,6.928492611,2388,1918
143,C18946,0.036633357,6.923704433,2389,1919
144,C18946,0.036608023,6.918916256,2390,1920
145,C18946,0.036582688,6.914128079,2391,1921
146,C18946,0.036557354,6.909339901,2392,1922
147,C18946,0.03653202,6.904551724,2393,1923
148,C18946,0.036506685,6.899763547,2394,1924
149,C18946,0.036481351,6.894975369,2395,1925
150,C18946,0.036456017,6.890187192,2396,1926
151,C18946,0.036430683,6.885399015,2397,1927
152,C18946,0.036405348,6.880610837,2398,1928
153,C18946,0.036380014,6.87582266,2399,1929
154,C18946,0.03635468,6.871034483,2400,1930
155,C18946,0.036329346,6.866246305,2401,1931
156,C18946,0.036304011,6.861458128,2402,1932
157,C18946,0.036278677,6.856669951,2403,1933
158,C18946,0.036253343,6.851881773,2404,1934
159,C18946,0.036228008,6.847093596,2405,1935
160,C18946,0.036202674,6.842305419,2406,1936
161,C18946,0.03617734,6.837517241,2407,1937
162,C18946,0.036152006,6.832729064,2408,1938
163,C18946,0.036126671,6.827940887,2409,1939
164,C18946,0.036101337,6.823152709,2410,1940
165,C18946,0.036076003,6.818364532,2411,1941
166,C18946,0.036050669,6.813576355,2412,1942
167,C18946,0.036025334,6.808788177,2413,1943
168,C18946,0.036,6.804,2414,1944
169,C18946,0.035974666,6.799211823,2415,1945
170,C18946,0.035949331,6.794423645,2416,1946
171,C18946,0.035923997,6.789635468,2417,1947
172,C18946,0.035898663,6.784847291,2418,1948
173,C18946,0.035873329,6.780059113,2419,1949
174,C18946,0.035847994,6.775270936,2420,1950
175,C18946,0.03582266,6.770482759,2421,1951
176,C18946,0.035797326,6.765694581,2422,1952
177,C18946,0.035771992,6.760906404,2423,1953
178,C18946,0.035746657,6.756118227,2424,1954
179,C18946,0.035721323,6.751330049,2425,1955
180,C18946,0.035695989,6.746541872,2426,1956
181,C18946,0.035670654,6.741753695,2427,1957
182,C18946,0.03564532,6.736965517,2428,1958
183,C18946,0.035619986,6.73217734,2429,1959
184,C18946,0.035594652,6.727389163,2430,1960
185,C18946,0.035569317,6.722600985,2431,1961
186,C18946,0.035543983,6.717812808,2432,1962
187,C18946,0.035518649,6.713024631,2433,1963
188,C18946,0.035493315,6.708236453,2434,1964
189,C18946,0.03546798,6.703448276,2435,1965
190,C18946,0.035442646,6.698660099,2436,1966
191,C18946,0.035417312,6.693871921,2437,1967
192,C18946,0.035391977,6.689083744,2438,1968
193,C18946,0.035366643,6.684295567,2439,1969
194,C18946,0.035341309,6.679507389,2440,1970
195,C18946,0.035315975,6.674719212,2441,1971
196,C18946,0.03529064,6.669931034,2442,1972
197,C18946,0.035265306,6.665142857,2443,1973
198,C18946,0.035239972,6.66035468,2444,1974
199,C18946,0.035214638,6.655566502,2445,1975
200,C18946,0.035189303,6.650778325,2446,1976
201,C18946,0.035163969,6.645990148,2447,1977
202,C18946,0.035138635,6.64120197,2448,1978
203,C18946,0.0351133,6.636413793,2449,1979
204,C18946,0.035087966,6.631625616,2450,1980
205,C18946,0.035062632,6.626837438,2451,1981
206,C18946,0.035037298,6.622049261,2452,1982
207,C18946,0.035011963,6.617261084,2453,1983
208,C18946,0.034986629,6.612472906,2454,1984
209,C18946,0.034961295,6.607684729,2455,1985
210,C18946,0.034935961,6.602896552,2456,1986
211,C18946,0.034910626,6.598108374,2457,1987
212,C18946,0.034885292,6.593320197,2458,1988
213,C18946,0.034859958,6.58853202,2459,1989
214,C18946,0.034834624,6.583743842,2460,1990
215,C18946,0.034809289,6.578955665,2461,1991
216,C18946,0.034783955,6.574167488,2462,1992
217,C18946,0.034758621,6.56937931,2463,1993
218,C18946,0.034733286,6.564591133,2464,1994
219,C18946,0.034707952,6.559802956,2465,1995
220,C18946,0.034682618,6.555014778,2466,1996
221,C18946,0.034657284,6.550226601,2467,1997
222,C18946,0.034631949,6.545438424,2468,1998
223,C18946,0.034606615,6.540650246,2469,1999
224,C18946,0.034581281,6.535862069,2470,2000
225,C18946,0.034555947,6.531073892,2471,2001
226,C18946,0.034530612,6.526285714,2472,2002
227,C18946,0.034505278,6.521497537,2473,2003
228,C18946,0.034479944,6.51670936,2474,2004
229,C18946,0.034454609,6.511921182,2475,2005
230,C18946,0.034429275,6.507133005,2476,2006
231,C18946,0.034403941,6.502344828,2477,2007
232,C18946,0.034378607,6.49755665,2478,2008
233,C18946,0.034353272,6.492768473,2479,2009
234,C18946,0.034327938,6.487980296,2480,2010
235,C18946,0.034302604,6.483192118,2481,2011
236,C18946,0.03427727,6.478403941,2482,2012
237,C18946,0.034251935,6.473615764,2483,2013
238,C18946,0.034226601,6.468827586,2484,2014
239,C18946,0.034201267,6.464039409,2485,2015
240,C18946,0.034175932,6.459251232,2486,2016
241,C18946,0.034150598,6.454463054,2487,2017
242,C18946,0.034125264,6.449674877,2488,2018
243,C18946,0.03409993,6.4448867,2489,2019
244,C18946,0.034074595,6.440098522,2490,2020
245,C18946,0.034049261,6.435310345,2491,2021
246,C18946,0.034023927,6.430522167,2492,2022
247,C18946,0.033998593,6.42573399,2493,2023
248,C18946,0.033973258,6.420945813,2494,2024
249,C18946,0.033947924,6.416157635,2495,2025
250,C18946,0.03392259,6.411369458,2496,2026
251,C18946,0.033897255,6.406581281,2497,2027
252,C18946,0.033871921,6.401793103,2498,2028
253,C18946,0.033846587,6.397004926,2499,2029
254,C18946,0.033821253,6.392216749,2500,2030
255,C18946,0.033795918,6.387428571,2501,2031
256,C18946,0.033770584,6.382640394,2502,2032
257,C18946,0.03374525,6.377852217,2503,2033
258,C18946,0.033719916,6.373064039,2504,2034
259,C18946,0.033694581,6.368275862,2505,2035
260,C18946,0.033669247,6.363487685,2506,2036
261,C18946,0.033643913,6.358699507,2507,2037
262,C18946,0.033618578,6.35391133,2508,2038
263,C18946,0.033593244,6.349123153,2509,2039
264,C18946,0.03356791,6.344334975,2510,2040
265,C18946,0.033542576,6.339546798,2511,2041
266,C18946,0.033517241,6.334758621,2512,2042
267,C18946,0.033491907,6.329970443,2513,2043
268,C18946,0.033466573,6.325182266,2514,2044
269,C18946,0.033441239,6.320394089,2515,2045
270,C18946,0.033415904,6.315605911,2516,2046
271,C18946,0.03339057,6.310817734,2517,2047
272,C18946,0.033365236,6.306029557,2518,2048
273,C18946,0.033339901,6.301241379,2519,2049
274,C18946,0.033314567,6.296453202,2520,2050
275,C18946,0.033289233,6.291665025,2521,2051
276,C18946,0.033263899,6.286876847,2522,2052
277,C18946,0.033238564,6.28208867,2523,2053
278,C18946,0.03321323,6.277300493,2524,2054
279,C18946,0.033187896,6.272512315,2525,2055
280,C18946,0.033162562,6.267724138,2526,2056
281,C18946,0.033137227,6.262935961,2527,2057
282,C18946,0.033111893,6.258147783,2528,2058
283,C18946,0.033086559,6.253359606,2529,2059
284,C18946,0.033061224,6.248571429,2530,2060
285,C18946,0.03303589,6.243783251,2531,2061
286,C18946,0.033010556,6.238995074,2532,2062
287,C18946,0.032985222,6.234206897,2533,2063
288,C18946,0.032959887,6.229418719,2534,2064
289,C18946,0.032934553,6.224630542,2535,2065
290,C18946,0.032909219,6.219842365,2536,2066
291,C18946,0.032883885,6.215054187,2537,2067
292,C18946,0.03285855,6.21026601,2538,2068
293,C18946,0.032833216,6.205477833,2539,2069
294,C18946,0.032807882,6.200689655,2540,2070
295,C18946,0.032782548,6.195901478,2541,2071
296,C18946,0.032757213,6.1911133,2542,2072
297,C18946,0.032731879,6.186325123,2543,2073
298,C18946,0.032706545,6.181536946,2544,2074
299,C18946,0.03268121,6.176748768,2545,2075
300,C18946,0.032655876,6.171960591,2546,2076
301,C18946,0.032630542,6.167172414,2547,2077
302,C18946,0.032605208,6.162384236,2548,2078
303,C18946,0.032579873,6.157596059,2549,2079
304,C18946,0.032554539,6.152807882,2550,2080
305,C18946,0.032529205,6.148019704,2551,2081
306,C18946,0.032503871,6.143231527,2552,2082
307,C18946,0.032478536,6.13844335,2553,2083
308,C18946,0.032453202,6.133655172,2554,2084
309,C18946,0.032427868,6.128866995,2555,2085
310,C18946,0.032402533,6.124078818,2556,2086
311,C18946,0.032377199,6.11929064,2557,2087
312,C18946,0.032351865,6.114502463,2558,2088
313,C18946,0.032326531,6.109714286,2559,2089
314,C18946,0.032301196,6.104926108,2560,2090
315,C18946,0.032275862,6.100137931,2561,2091
316,C18946,0.032250528,6.095349754,2562,2092
317,C18946,0.032225194,6.090561576,2563,2093
318,C18946,0.032199859,6.085773399,2564,2094
319,C18946,0.032174525,6.080985222,2565,2095
320,C18946,0.032149191,6.076197044,2566,2096
321,C18946,0.032123856,6.071408867,2567,2097
322,C18946,0.032098522,6.06662069,2568,2098
323,C18946,0.032073188,6.061832512,2569,2099
324,C18946,0.032047854,6.057044335,2570,2100
325,C18946,0.032022519,6.052256158,2571,2101
326,C18946,0.031997185,6.04746798,2572,2102
327,C18946,0.031971851,6.042679803,2573,2103
328,C18946,0.031946517,6.037891626,2574,2104
329,C18946,0.031921182,6.033103448,2575,2105
330,C18946,0.031895848,6.028315271,2576,2106
331,C18946,0.031870514,6.023527094,2577,2107
332,C18946,0.031845179,6.018738916,2578,2108
333,C18946,0.031819845,6.013950739,2579,2109
334,C18946,0.031794511,6.009162562,2580,2110
335,C18946,0.031769177,6.004374384,2581,2111
336,C18946,0.031743842,5.999586207,2582,2112
337,C18946,0.031718508,5.99479803,2583,2113
338,C18946,0.031693174,5.990009852,2584,2114
339,C18946,0.03166784,5.985221675,2585,2115
340,C18946,0.031642505,5.980433498,2586,2116
341,C18946,0.031617171,5.97564532,2587,2117
342,C18946,0.031591837,5.970857143,2588,2118
343,C18946,0.031566502,5.966068966,2589,2119
344,C18946,0.031541168,5.961280788,2590,2120
345,C18946,0.031515834,5.956492611,2591,2121
346,C18946,0.0314905,5.951704433,2592,2122
347,C18946,0.031465165,5.946916256,2593,2123
348,C18946,0.031439831,5.942128079,2594,2124
349,C18946,0.031414497,5.937339901,2595,2125
350,C18946,0.031389163,5.932551724,2596,2126
351,C18946,0.031363828,5.927763547,2597,2127
352,C18946,0.031338494,5.922975369,2598,2128
353,C18946,0.03131316,5.918187192,2599,2129
354,C18946,0.031287825,5.913399015,2600,2130
355,C18946,0.031262491,5.908610837,2601,2131
356,C18946,0.031237157,5.90382266,2602,2132
357,C18946,0.031211823,5.899034483,2603,2133
358,C18946,0.031186488,5.894246305,2604,2134
359,C18946,0.031161154,5.889458128,2605,2135
360,C18946,0.03113582,5.884669951,2606,2136
361,C18946,0.031110486,5.879881773,2607,2137
362,C18946,0.031085151,5.875093596,2608,2138
363,C18946,0.031059817,5.870305419,2609,2139
364,C18946,0.031034483,5.865517241,2610,2140
365,C18946,0.031034483,5.865517241,2611,2141
0,C17446,0.9,156.6,2612,2142
1,C17446,0.83,144.42,2613,2143
2,C17446,0.77,133.98,2614,2144
3,C17446,0.72,125.28,2615,2145
4,C17446,0.68,118.32,2616,2146
5,C17446,0.64,111.36,2617,2147
6,C17446,0.6,104.4,2618,2148
7,C17446,0.565,98.31,2619,2149
8,C17446,0.53,92.22,2620,2150
9,C17446,0.5,87,2621,2151
10,C17446,0.47,81.78,2622,2152
11,C17446,0.45,78.3,2623,2153
12,C17446,0.43,74.82,2624,2154
13,C17446,0.41,71.34,2625,2155
14,C17446,0.4,69.6,2626,2156
15,C17446,0.39,67.86,2627,2157
16,C17446,0.38,66.12,2628,2158
17,C17446,0.37,64.38,2629,2159
18,C17446,0.36,62.64,2630,2160
19,C17446,0.35,60.9,2631,2161
20,C17446,0.34,59.16,2632,2162
21,C17446,0.33,57.42,2633,2163
22,C17446,0.32,55.68,2634,2164
23,C17446,0.31,53.94,2635,2165
24,C17446,0.3,52.2,2636,2166
25,C17446,0.29,50.46,2637,2167
26,C17446,0.28,48.72,2638,2168
27,C17446,0.27,46.98,2639,2169
28,C17446,0.26,45.24,2640,2170
29,C17446,0.25,43.5,2641,2171
30,C17446,0.24,41.76,2642,2172
31,C17446,0.237931034,41.39999992,2643,2173
32,C17446,0.235862069,41.04000001,2644,2174
33,C17446,0.231724138,40.32000001,2645,2175
34,C17446,0.227586207,39.60000002,2646,2176
35,C17446,0.223448276,38.88000002,2647,2177
36,C17446,0.219310345,38.16000003,2648,2178
37,C17446,0.215172414,37.44000004,2649,2179
38,C17446,0.211034483,36.72000004,2650,2180
39,C17446,0.206896552,36.00000005,2651,2181
40,C17446,0.202758621,35.28000005,2652,2182
41,C17446,0.19862069,34.56000006,2653,2183
42,C17446,0.194482759,33.84000007,2654,2184
43,C17446,0.190344828,33.12000007,2655,2185
44,C17446,0.186206897,32.40000008,2656,2186
45,C17446,0.182068966,31.68000008,2657,2187
46,C17446,0.177931034,30.95999992,2658,2188
47,C17446,0.173793103,30.23999992,2659,2189
48,C17446,0.169655172,29.51999993,2660,2190
49,C17446,0.165517241,28.79999993,2661,2191
50,C17446,0.16137931,28.07999994,2662,2192
51,C17446,0.157241379,27.35999995,2663,2193
52,C17446,0.153103448,26.63999995,2664,2194
53,C17446,0.148965517,25.91999996,2665,2195
54,C17446,0.144827586,25.19999996,2666,2196
55,C17446,0.140689655,24.47999997,2667,2197
56,C17446,0.136551724,23.75999998,2668,2198
57,C17446,0.132413793,23.03999998,2669,2199
58,C17446,0.128275862,22.31999999,2670,2200
59,C17446,0.124137931,21.59999999,2671,2201
60,C17446,0.121862069,21.20400001,2672,2202
61,C17446,0.119586207,20.80800002,2673,2203
62,C17446,0.117310345,20.41200003,2674,2204
63,C17446,0.115034483,20.01600004,2675,2205
64,C17446,0.112758621,19.62000005,2676,2206
65,C17446,0.110482759,19.22400007,2677,2207
66,C17446,0.108206897,18.82800008,2678,2208
67,C17446,0.105931034,18.43199992,2679,2209
68,C17446,0.103655172,18.03599993,2680,2210
69,C17446,0.10137931,17.63999994,2681,2211
70,C17446,0.099103448,17.24399995,2682,2212
71,C17446,0.096827586,16.84799996,2683,2213
72,C17446,0.094551724,16.45199998,2684,2214
73,C17446,0.092275862,16.05599999,2685,2215
74,C17446,0.09,15.66,2686,2216
75,C17446,0.087724138,15.26400001,2687,2217
76,C17446,0.085448276,14.86800002,2688,2218
77,C17446,0.083172414,14.47200004,2689,2219
78,C17446,0.080896552,14.07600005,2690,2220
79,C17446,0.07862069,13.68000006,2691,2221
80,C17446,0.076344828,13.28400007,2692,2222
81,C17446,0.074068966,12.88800008,2693,2223
82,C17446,0.071793103,12.49199992,2694,2224
83,C17446,0.069517241,12.09599993,2695,2225
84,C17446,0.067241379,11.69999995,2696,2226
85,C17446,0.064965517,11.30399996,2697,2227
86,C17446,0.062689655,10.90799997,2698,2228
87,C17446,0.060413793,10.51199998,2699,2229
88,C17446,0.058137931,10.11599999,2700,2230
89,C17446,0.055862069,9.720000006,2701,2231
90,C17446,0.055241379,9.611999946,2702,2232
91,C17446,0.05462069,9.50400006,2703,2233
92,C17446,0.054,9.396,2704,2234
93,C17446,0.05337931,9.28799994,2705,2235
94,C17446,0.052758621,9.180000054,2706,2236
95,C17446,0.052137931,9.071999994,2707,2237
96,C17446,0.051517241,8.963999934,2708,2238
97,C17446,0.050896552,8.856000048,2709,2239
98,C17446,0.050275862,8.747999988,2710,2240
99,C17446,0.049655172,8.639999928,2711,2241
100,C17446,0.049034483,8.532000042,2712,2242
101,C17446,0.048413793,8.423999982,2713,2243
102,C17446,0.047793103,8.315999922,2714,2244
103,C17446,0.047172414,8.208000036,2715,2245
104,C17446,0.046551724,8.099999976,2716,2246
105,C17446,0.045931034,7.991999916,2717,2247
106,C17446,0.045310345,7.88400003,2718,2248
107,C17446,0.044689655,7.77599997,2719,2249
108,C17446,0.044068966,7.668000084,2720,2250
109,C17446,0.043448276,7.560000024,2721,2251
110,C17446,0.042827586,7.451999964,2722,2252
111,C17446,0.042206897,7.344000078,2723,2253
112,C17446,0.041586207,7.236000018,2724,2254
113,C17446,0.040965517,7.127999958,2725,2255
114,C17446,0.040344828,7.020000072,2726,2256
115,C17446,0.039724138,6.912000012,2727,2257
116,C17446,0.039103448,6.803999952,2728,2258
117,C17446,0.038482759,6.696000066,2729,2259
118,C17446,0.037862069,6.588000006,2730,2260
119,C17446,0.037241379,6.479999946,2731,2261
120,C17446,0.037216045,6.47559183,2732,2262
121,C17446,0.037190711,6.471183714,2733,2263
122,C17446,0.037165376,6.466775424,2734,2264
123,C17446,0.037140042,6.462367308,2735,2265
124,C17446,0.037114708,6.457959192,2736,2266
125,C17446,0.037089374,6.453551076,2737,2267
126,C17446,0.037064039,6.449142786,2738,2268
127,C17446,0.037038705,6.44473467,2739,2269
128,C17446,0.037013371,6.440326554,2740,2270
129,C17446,0.036988037,6.435918438,2741,2271
130,C17446,0.036962702,6.431510148,2742,2272
131,C17446,0.036937368,6.427102032,2743,2273
132,C17446,0.036912034,6.422693916,2744,2274
133,C17446,0.0368867,6.4182858,2745,2275
134,C17446,0.036861365,6.41387751,2746,2276
135,C17446,0.036836031,6.409469394,2747,2277
136,C17446,0.036810697,6.405061278,2748,2278
137,C17446,0.036785362,6.400652988,2749,2279
138,C17446,0.036760028,6.396244872,2750,2280
139,C17446,0.036734694,6.391836756,2751,2281
140,C17446,0.03670936,6.38742864,2752,2282
141,C17446,0.036684025,6.38302035,2753,2283
142,C17446,0.036658691,6.378612234,2754,2284
143,C17446,0.036633357,6.374204118,2755,2285
144,C17446,0.036608023,6.369796002,2756,2286
145,C17446,0.036582688,6.365387712,2757,2287
146,C17446,0.036557354,6.360979596,2758,2288
147,C17446,0.03653202,6.35657148,2759,2289
148,C17446,0.036506685,6.35216319,2760,2290
149,C17446,0.036481351,6.347755074,2761,2291
150,C17446,0.036456017,6.343346958,2762,2292
151,C17446,0.036430683,6.338938842,2763,2293
152,C17446,0.036405348,6.334530552,2764,2294
153,C17446,0.036380014,6.330122436,2765,2295
154,C17446,0.03635468,6.32571432,2766,2296
155,C17446,0.036329346,6.321306204,2767,2297
156,C17446,0.036304011,6.316897914,2768,2298
157,C17446,0.036278677,6.312489798,2769,2299
158,C17446,0.036253343,6.308081682,2770,2300
159,C17446,0.036228008,6.303673392,2771,2301
160,C17446,0.036202674,6.299265276,2772,2302
161,C17446,0.03617734,6.29485716,2773,2303
162,C17446,0.036152006,6.290449044,2774,2304
163,C17446,0.036126671,6.286040754,2775,2305
164,C17446,0.036101337,6.281632638,-99,-99
165,C17446,0.036076003,6.277224522,-99,-99
166,C17446,0.036050669,6.272816406,-99,-99
167,C17446,0.036025334,6.268408116,-99,-99
168,C17446,0.036,6.264,-99,-99
169,C17446,0.035974666,6.259591884,-99,-99
170,C17446,0.035949331,6.255183594,-99,-99
171,C17446,0.035923997,6.250775478,-99,-99
172,C17446,0.035898663,6.246367362,-99,-99
173,C17446,0.035873329,6.241959246,-99,-99
174,C17446,0.035847994,6.237550956,-99,-99
175,C17446,0.03582266,6.23314284,-99,-99
176,C17446,0.035797326,6.228734724,-99,-99
177,C17446,0.035771992,6.224326608,-99,-99
178,C17446,0.035746657,6.219918318,3230,2990
179,C17446,0.035721323,6.215510202,3230,2990
180,C17446,0.035695989,6.211102086,3230,2990
181,C17446,0.035670654,6.206693796,3230,2990
182,C17446,0.03564532,6.20228568,3230,2990
183,C17446,0.035619986,6.197877564,3230,2990
184,C17446,0.035594652,6.193469448,2846,3030
185,C17446,0.035569317,6.189061158,2845,3029
186,C17446,0.035543983,6.184653042,2844,3028
187,C17446,0.035518649,6.180244926,2843,3027
188,C17446,0.035493315,6.17583681,2842,3026
189,C17446,0.03546798,6.17142852,2841,3025
190,C17446,0.035442646,6.167020404,2840,3024
191,C17446,0.035417312,6.162612288,2839,3023
192,C17446,0.035391977,6.158203998,2838,3022
193,C17446,0.035366643,6.153795882,2837,3021
194,C17446,0.035341309,6.149387766,2836,3020
195,C17446,0.035315975,6.14497965,2835,3019
196,C17446,0.03529064,6.14057136,2834,3018
197,C17446,0.035265306,6.136163244,2833,3017
198,C17446,0.035239972,6.131755128,2832,3016
199,C17446,0.035214638,6.127347012,2831,3015
200,C17446,0.035189303,6.122938722,2830,3014
201,C17446,0.035163969,6.118530606,2829,3013
202,C17446,0.035138635,6.11412249,2828,3012
203,C17446,0.0351133,6.1097142,2827,3011
204,C17446,0.035087966,6.105306084,2826,3010
205,C17446,0.035062632,6.100897968,2825,3009
206,C17446,0.035037298,6.096489852,2824,3008
207,C17446,0.035011963,6.092081562,2823,3007
208,C17446,0.034986629,6.087673446,2822,3006
209,C17446,0.034961295,6.08326533,2821,3005
210,C17446,0.034935961,6.078857214,2820,3004
211,C17446,0.034910626,6.074448924,2819,3003
212,C17446,0.034885292,6.070040808,2818,3002
213,C17446,0.034859958,6.065632692,2817,3001
214,C17446,0.034834624,6.061224576,2816,3000
215,C17446,0.034809289,6.056816286,2815,2999
216,C17446,0.034783955,6.05240817,2814,2998
217,C17446,0.034758621,6.048000054,2813,2997
218,C17446,0.034733286,6.043591764,2812,2996
219,C17446,0.034707952,6.039183648,2811,2995
220,C17446,0.034682618,6.034775532,2810,2994
221,C17446,0.034657284,6.030367416,2809,2993
222,C17446,0.034631949,6.025959126,2808,2992
223,C17446,0.034606615,6.02155101,2807,2991
224,C17446,0.034581281,6.017142894,2806,2990
225,C17446,0.034555947,6.012734778,2805,2989
226,C17446,0.034530612,6.008326488,2804,2988
227,C17446,0.034505278,6.003918372,2803,2987
228,C17446,0.034479944,5.999510256,2802,2986
229,C17446,0.034454609,5.995101966,2801,2985
230,C17446,0.034429275,5.99069385,2800,2984
231,C17446,0.034403941,5.986285734,2799,2983
232,C17446,0.034378607,5.981877618,2798,2982
233,C17446,0.034353272,5.977469328,2797,2981
234,C17446,0.034327938,5.973061212,2796,2980
235,C17446,0.034302604,5.968653096,2795,2979
236,C17446,0.03427727,5.96424498,2794,2978
237,C17446,0.034251935,5.95983669,2793,2977
238,C17446,0.034226601,5.955428574,2792,2976
239,C17446,0.034201267,5.951020458,2791,2975
240,C17446,0.034175932,5.946612168,2790,2974
241,C17446,0.034150598,5.942204052,2789,2973
242,C17446,0.034125264,5.937795936,2788,2972
243,C17446,0.03409993,5.93338782,2787,2971
244,C17446,0.034074595,5.92897953,2786,2970
245,C17446,0.034049261,5.924571414,2785,2969
246,C17446,0.034023927,5.920163298,2784,2968
247,C17446,0.033998593,5.915755182,2783,2967
248,C17446,0.033973258,5.911346892,2782,2966
249,C17446,0.033947924,5.906938776,2781,2965
250,C17446,0.03392259,5.90253066,2780,2964
251,C17446,0.033897255,5.89812237,2779,2963
252,C17446,0.033871921,5.893714254,2778,2962
253,C17446,0.033846587,5.889306138,2777,2961
254,C17446,0.033821253,5.884898022,2776,2960
255,C17446,0.033795918,5.880489732,2775,2959
256,C17446,0.033770584,5.876081616,2774,2958
257,C17446,0.03374525,5.8716735,2773,2957
258,C17446,0.033719916,5.867265384,2772,2956
259,C17446,0.033694581,5.862857094,2771,2955
260,C17446,0.033669247,5.858448978,2770,2954
261,C17446,0.033643913,5.854040862,2769,2953
262,C17446,0.033618578,5.849632572,2768,2952
263,C17446,0.033593244,5.845224456,2767,2951
264,C17446,0.03356791,5.84081634,2766,2950
265,C17446,0.033542576,5.836408224,2765,2949
266,C17446,0.033517241,5.831999934,2764,2948
267,C17446,0.033491907,5.827591818,2763,2947
268,C17446,0.033466573,5.823183702,2762,2946
269,C17446,0.033441239,5.818775586,2761,2945
270,C17446,0.033415904,5.814367296,2760,2944
271,C17446,0.03339057,5.80995918,2759,2943
272,C17446,0.033365236,5.805551064,2758,2942
273,C17446,0.033339901,5.801142774,2757,2941
274,C17446,0.033314567,5.796734658,2756,2940
275,C17446,0.033289233,5.792326542,2755,2939
276,C17446,0.033263899,5.787918426,2754,2938
277,C17446,0.033238564,5.783510136,2753,2937
278,C17446,0.03321323,5.77910202,2752,2936
279,C17446,0.033187896,5.774693904,2751,2935
280,C17446,0.033162562,5.770285788,2750,2934
281,C17446,0.033137227,5.765877498,2749,2933
282,C17446,0.033111893,5.761469382,2748,2932
283,C17446,0.033086559,5.757061266,2747,2931
284,C17446,0.033061224,5.752652976,2746,2930
285,C17446,0.03303589,5.74824486,2745,2929
286,C17446,0.033010556,5.743836744,2744,2928
287,C17446,0.032985222,5.739428628,2743,2927
288,C17446,0.032959887,5.735020338,2742,2926
289,C17446,0.032934553,5.730612222,2741,2925
290,C17446,0.032909219,5.726204106,2740,2924
291,C17446,0.032883885,5.72179599,2739,2923
292,C17446,0.03285855,5.7173877,2738,2922
293,C17446,0.032833216,5.712979584,2737,2921
294,C17446,0.032807882,5.708571468,2736,2920
295,C17446,0.032782548,5.704163352,2735,2919
296,C17446,0.032757213,5.699755062,2734,2918
297,C17446,0.032731879,5.695346946,2733,2917
298,C17446,0.032706545,5.69093883,2732,2916
299,C17446,0.03268121,5.68653054,2731,2915
300,C17446,0.032655876,5.682122424,2730,2914
301,C17446,0.032630542,5.677714308,2729,2913
302,C17446,0.032605208,5.673306192,2728,2912
303,C17446,0.032579873,5.668897902,2727,2911
304,C17446,0.032554539,5.664489786,2726,2910
305,C17446,0.032529205,5.66008167,2725,2909
306,C17446,0.032503871,5.655673554,2724,2908
307,C17446,0.032478536,5.651265264,2723,2907
308,C17446,0.032453202,5.646857148,2722,2906
309,C17446,0.032427868,5.642449032,2721,2905
310,C17446,0.032402533,5.638040742,2720,2904
311,C17446,0.032377199,5.633632626,2719,2903
312,C17446,0.032351865,5.62922451,2718,2902
313,C17446,0.032326531,5.624816394,2717,2901
314,C17446,0.032301196,5.620408104,2716,2900
315,C17446,0.032275862,5.615999988,2715,2899
316,C17446,0.032250528,5.611591872,2714,2898
317,C17446,0.032225194,5.607183756,2713,2897
318,C17446,0.032199859,5.602775466,2712,2896
319,C17446,0.032174525,5.59836735,2711,2895
320,C17446,0.032149191,5.593959234,2710,2894
321,C17446,0.032123856,5.589550944,2709,2893
322,C17446,0.032098522,5.585142828,2708,2892
323,C17446,0.032073188,5.580734712,2707,2891
324,C17446,0.032047854,5.576326596,2706,2890
325,C17446,0.032022519,5.571918306,2705,2889
326,C17446,0.031997185,5.56751019,2704,2888
327,C17446,0.031971851,5.563102074,2703,2887
328,C17446,0.031946517,5.558693958,2702,2886
329,C17446,0.031921182,5.554285668,2701,2885
330,C17446,0.031895848,5.549877552,2700,2884
331,C17446,0.031870514,5.545469436,2699,2883
332,C17446,0.031845179,5.541061146,2698,2882
333,C17446,0.031819845,5.53665303,2697,2881
334,C17446,0.031794511,5.532244914,2696,2880
335,C17446,0.031769177,5.527836798,2695,2879
336,C17446,0.031743842,5.523428508,2694,2878
337,C17446,0.031718508,5.519020392,2693,2877
338,C17446,0.031693174,5.514612276,2692,2876
339,C17446,0.03166784,5.51020416,2691,2875
340,C17446,0.031642505,5.50579587,2690,2874
341,C17446,0.031617171,5.501387754,2689,2873
342,C17446,0.031591837,5.496979638,2688,2872
343,C17446,0.031566502,5.492571348,2687,2871
344,C17446,0.031541168,5.488163232,2686,2870
345,C17446,0.031515834,5.483755116,2685,2869
346,C17446,0.0314905,5.479347,2684,2868
347,C17446,0.031465165,5.47493871,2683,2867
348,C17446,0.031439831,5.470530594,2682,2866
349,C17446,0.031414497,5.466122478,2681,2865
350,C17446,0.031389163,5.461714362,2680,2864
351,C17446,0.031363828,5.457306072,2679,2863
352,C17446,0.031338494,5.452897956,2678,2862
353,C17446,0.03131316,5.44848984,2677,2861
354,C17446,0.031287825,5.44408155,2676,2860
355,C17446,0.031262491,5.439673434,2675,2859
356,C17446,0.031237157,5.435265318,2674,2858
357,C17446,0.031211823,5.430857202,2673,2857
358,C17446,0.031186488,5.426448912,2672,2856
359,C17446,0.031161154,5.422040796,2671,2855
360,C17446,0.03113582,5.41763268,2670,2854
361,C17446,0.031110486,5.413224564,2669,2853
362,C17446,0.031085151,5.408816274,2668,2852
363,C17446,0.031059817,5.404408158,2667,2851
364,C17446,0.031034483,5.400000042,2666,2850
365,C17446,0.031034483,5.400000042,2665,2849
0,C18946_R,1.03,194.67,-99,1467
1,C18946_R,0.91,171.99,-99,1470
2,C18946_R,0.82,154.98,-99,1473
3,C18946_R,0.78,147.42,-99,1476
4,C18946_R,0.75,141.75,-99,1479
5,C18946_R,0.73,137.97,-99,1482
6,C18946_R,0.7,132.3,-99,1485
7,C18946_R,0.67,126.63,-99,1488
8,C18946_R,0.65,122.85,-99,1491
9,C18946_R,0.62,117.18,-99,1494
10,C18946_R,0.59,111.51,-99,1497
11,C18946_R,0.57,107.73,-99,1500
12,C18946_R,0.55,103.95,-99,1503
13,C18946_R,0.53,100.17,-99,1506
14,C18946_R,0.51,96.39,-99,1509
15,C18946_R,0.49,92.61,-99,1512
16,C18946_R,0.48,90.72,-99,1515
17,C18946_R,0.47,88.83,-99,1518
18,C18946_R,0.46,86.94,2903,1521
19,C18946_R,0.45,85.05,2902,1524
20,C18946_R,0.44,83.16,2901,1527
21,C18946_R,0.43,81.27,2900,1530
22,C18946_R,0.42,79.38,2899,1533
23,C18946_R,0.41,77.49,2898,1536
24,C18946_R,0.4,75.6,2897,1539
25,C18946_R,0.38,71.82,2896,1542
26,C18946_R,0.37,69.93,2895,1545
27,C18946_R,0.36,68.04,2894,1548
28,C18946_R,0.35,66.15,2893,1551
29,C18946_R,0.34,64.26,2892,1554
30,C18946_R,0.33,62.37,2891,1557
31,C18946_R,0.3,56.7,2890,1560
32,C18946_R,0.29,54.81,2889,1563
33,C18946_R,0.28,52.92,2888,1566
34,C18946_R,0.28,52.92,2887,1569
35,C18946_R,0.27,51.03,2886,1572
36,C18946_R,0.27,51.03,2885,1575
37,C18946_R,0.27,51.03,2884,1578
38,C18946_R,0.25,47.25,2883,1581
39,C18946_R,0.25,47.25,2882,1584
40,C18946_R,0.23,43.47,2881,1587
41,C18946_R,0.23,43.47,2880,1590
42,C18946_R,0.22,41.58,2879,1593
43,C18946_R,0.22,41.58,2878,1596
44,C18946_R,0.22,41.58,2877,1599
45,C18946_R,0.2,37.8,2876,1602
46,C18946_R,0.2,37.8,2875,1605
47,C18946_R,0.18,34.02,2874,1608
48,C18946_R,0.18,34.02,2873,1611
49,C18946_R,0.18,34.02,2872,1614
50,C18946_R,0.17,32.13,2871,1617
51,C18946_R,0.17,32.13,2870,1620
52,C18946_R,0.16,30.24,2869,1623
53,C18946_R,0.16,30.24,2868,1626
54,C18946_R,0.15,28.35,2867,1629
55,C18946_R,0.15,28.35,2866,1632
56,C18946_R,0.15,28.35,2865,1635
57,C18946_R,0.14,26.46,2864,1638
58,C18946_R,0.14,26.46,2863,1641
59,C18946_R,0.13,24.57,2862,1644
60,C18946_R,0.13,24.57,2861,1647
61,C18946_R,0.13,24.57,2860,1650
62,C18946_R,0.13,24.57,2859,1653
63,C18946_R,0.13,24.57,2858,1656
64,C18946_R,0.12,22.68,2857,1659
65,C18946_R,0.12,22.68,2856,1662
66,C18946_R,0.12,22.68,2855,1665
67,C18946_R,0.12,22.68,2854,1668
68,C18946_R,0.11,20.79,2853,1671
69,C18946_R,0.11,20.79,2852,1674
70,C18946_R,0.11,20.79,2851,1677
71,C18946_R,0.096827586,18.30041375,2850,1680
72,C18946_R,0.1,18.9,2849,1683
73,C18946_R,0.1,18.9,1467,1686
74,C18946_R,0.1,18.9,1470,1689
75,C18946_R,0.1,18.9,1473,1692
76,C18946_R,0.1,18.9,1476,1695
77,C18946_R,0.09,17.01,1479,1698
78,C18946_R,0.09,17.01,1482,1701
79,C18946_R,0.09,17.01,1485,1704
80,C18946_R,0.09,17.01,1488,1707
81,C18946_R,0.074068966,13.99903457,1491,1710
82,C18946_R,0.071793103,13.56889647,1494,1713
83,C18946_R,0.069517241,13.13875855,1497,1716
84,C18946_R,0.067241379,12.70862063,1500,1719
85,C18946_R,0.07,13.23,1503,1722
86,C18946_R,0.07,13.23,1506,1725
87,C18946_R,0.07,13.23,1509,1728
88,C18946_R,0.07,13.23,1512,1731
89,C18946_R,0.07,13.23,1515,1734
90,C18946_R,0.07,13.23,1518,1737
91,C18946_R,0.07,13.23,1521,1740
92,C18946_R,0.07,13.23,1524,1743
93,C18946_R,0.07,13.23,1527,1746
94,C18946_R,0.07,13.23,1530,1749
95,C18946_R,0.07,13.23,1533,1752
96,C18946_R,0.07,13.23,1536,1755
97,C18946_R,0.07,13.23,1539,1758
98,C18946_R,0.07,13.23,1542,1761
99,C18946_R,0.07,13.23,1545,1764
100,C18946_R,0.07,13.23,1548,1767
101,C18946_R,0.07,13.23,1551,1770
102,C18946_R,0.07,13.23,1554,1773
103,C18946_R,0.07,13.23,1557,1776
104,C18946_R,0.07,13.23,1560,1779
105,C18946_R,0.07,13.23,1563,1782
106,C18946_R,0.07,13.23,1566,1785
107,C18946_R,0.06,11.34,1569,1788
108,C18946_R,0.06,11.34,1572,1791
109,C18946_R,0.06,11.34,1575,1794
110,C18946_R,0.06,11.34,1578,1797
111,C18946_R,0.06,11.34,1581,1800
112,C18946_R,0.06,11.34,1584,1803
113,C18946_R,0.06,11.34,1587,1806
114,C18946_R,0.06,11.34,1590,1809
115,C18946_R,0.06,11.34,1593,1812
116,C18946_R,0.06,11.34,1596,1815
117,C18946_R,0.06,11.34,1599,1818
118,C18946_R,0.06,11.34,1602,1821
119,C18946_R,0.06,11.34,1605,1824
120,C18946_R,0.06,11.34,1608,1827
121,C18946_R,0.06,11.34,1611,1830
122,C18946_R,0.06,11.34,1614,1833
123,C18946_R,0.06,11.34,1617,1836
124,C18946_R,0.06,11.34,1620,1839
125,C18946_R,0.06,11.34,1623,1842
126,C18946_R,0.06,11.34,1626,1845
127,C18946_R,0.06,11.34,1629,1848
128,C18946_R,0.06,11.34,1632,1851
129,C18946_R,0.06,11.34,1635,1854
130,C18946_R,0.06,11.34,1638,1857
131,C18946_R,0.06,11.34,1641,1860
132,C18946_R,0.06,11.34,1644,1863
133,C18946_R,0.06,11.34,1647,1866
134,C18946_R,0.06,11.34,1650,1869
135,C18946_R,0.06,11.34,1653,1872
136,C18946_R,0.06,11.34,1656,1875
137,C18946_R,0.06,11.34,1659,1878
138,C18946_R,0.06,11.34,1662,1881
139,C18946_R,0.06,11.34,1665,1884
140,C18946_R,0.06,11.34,1668,1887
141,C18946_R,0.06,11.34,1671,1890
142,C18946_R,0.06,11.34,1674,1893
143,C18946_R,0.06,11.34,1677,1896
144,C18946_R,0.06,11.34,1680,1899
145,C18946_R,0.06,11.34,1683,1902
146,C18946_R,0.06,11.34,1686,1905
147,C18946_R,0.06,11.34,1689,4430
148,C18946_R,0.06,11.34,1692,4432
149,C18946_R,0.06,11.34,1695,4434
150,C18946_R,0.06,11.34,1698,4436
151,C18946_R,0.06,11.34,1701,4438
152,C18946_R,0.06,11.34,1704,4440
153,C18946_R,0.06,11.34,1707,4442
154,C18946_R,0.06,11.34,1710,4444
155,C18946_R,0.06,11.34,1713,4446
156,C18946_R,0.06,11.34,1716,4448
157,C18946_R,0.06,11.34,1719,4450
158,C18946_R,0.06,11.34,1722,4452
159,C18946_R,0.06,11.34,1725,4454
160,C18946_R,0.06,11.34,1728,4456
161,C18946_R,0.06,11.34,1731,4458
162,C18946_R,0.06,11.34,1734,4460
163,C18946_R,0.06,11.34,1737,4462
164,C18946_R,0.06,11.34,1740,4464
165,C18946_R,0.06,11.34,1743,4466
166,C18946_R,0.06,11.34,1746,4468
167,C18946_R,0.06,11.34,1749,4470
168,C18946_R,0.06,11.34,1752,4472
169,C18946_R,0.06,11.34,1755,4474
170,C18946_R,0.06,11.34,1758,4476
171,C18946_R,0.06,11.34,1761,4478
172,C18946_R,0.06,11.34,1764,4480
173,C18946_R,0.06,11.34,1767,4482
174,C18946_R,0.06,11.34,1770,4484
175,C18946_R,0.06,11.34,1773,4486
176,C18946_R,0.06,11.34,1776,4488
177,C18946_R,0.06,11.34,1779,4490
178,C18946_R,0.06,11.34,1782,4492
179,C18946_R,0.06,11.34,1785,4494
180,C18946_R,0.06,11.34,1788,4496
181,C18946_R,0.06,11.34,1791,4498
182,C18946_R,0.06,11.34,1794,4500
183,C18946_R,0.06,11.34,1797,4502
184,C18946_R,0.06,11.34,1800,4504
185,C18946_R,0.06,11.34,1803,4506
186,C18946_R,0.06,11.34,1806,4508
187,C18946_R,0.06,11.34,1809,4510
188,C18946_R,0.06,11.34,1812,4512
189,C18946_R,0.06,11.34,1815,4514
190,C18946_R,0.06,11.34,1818,4516
191,C18946_R,0.06,11.34,1821,4518
192,C18946_R,0.06,11.34,1824,4520
193,C18946_R,0.06,11.34,1827,4522
194,C18946_R,0.06,11.34,1830,4524
195,C18946_R,0.06,11.34,1833,4526
196,C18946_R,0.06,11.34,1836,4528
197,C18946_R,0.06,11.34,1839,4530
198,C18946_R,0.06,11.34,1842,4532
199,C18946_R,0.06,11.34,1845,4534
200,C18946_R,0.06,11.34,1848,4536
201,C18946_R,0.06,11.34,1851,4538
202,C18946_R,0.06,11.34,1854,4540
203,C18946_R,0.06,11.34,1857,4542
204,C18946_R,0.06,11.34,1860,4544
205,C18946_R,0.06,11.34,1863,4546
206,C18946_R,0.06,11.34,1866,4548
207,C18946_R,0.06,11.34,1869,4550
208,C18946_R,0.05,9.45,1872,4552
209,C18946_R,0.05,9.45,1875,4554
210,C18946_R,0.05,9.45,1878,4556
211,C18946_R,0.05,9.45,1881,4558
212,C18946_R,0.05,9.45,1884,4560
213,C18946_R,0.05,9.45,1887,4562
214,C18946_R,0.05,9.45,1890,4564
215,C18946_R,0.05,9.45,1893,4566
216,C18946_R,0.05,9.45,1896,4568
217,C18946_R,0.05,9.45,1899,4570
218,C18946_R,0.05,9.45,1902,4572
219,C18946_R,0.05,9.45,1905,4574
220,C18946_R,0.05,9.45,1908,4576
221,C18946_R,0.05,9.45,1911,4578
222,C18946_R,0.05,9.45,1914,4580
223,C18946_R,0.05,9.45,1917,4582
224,C18946_R,0.05,9.45,1920,4584
225,C18946_R,0.05,9.45,1923,4586
226,C18946_R,0.05,9.45,1926,4588
227,C18946_R,0.05,9.45,1929,4590
228,C18946_R,0.05,9.45,1932,4592
229,C18946_R,0.05,9.45,1935,4594
230,C18946_R,0.05,9.45,1938,4596
231,C18946_R,0.05,9.45,1941,4598
232,C18946_R,0.05,9.45,1944,4600
233,C18946_R,0.05,9.45,1947,4602
234,C18946_R,0.05,9.45,1950,4604
235,C18946_R,0.05,9.45,1953,4606
236,C18946_R,0.05,9.45,1956,4608
237,C18946_R,0.05,9.45,1959,4610
238,C18946_R,0.05,9.45,3545,4612
239,C18946_R,0.05,9.45,3546,4614
240,C18946_R,0.05,9.45,3547,4616
241,C18946_R,0.05,9.45,3548,4618
242,C18946_R,0.05,9.45,3549,4620
243,C18946_R,0.05,9.45,3550,4622
244,C18946_R,0.05,9.45,3551,4624
245,C18946_R,0.05,9.45,3552,4626
246,C18946_R,0.05,9.45,3553,4628
247,C18946_R,0.05,9.45,3554,4630
248,C18946_R,0.05,9.45,3555,4632
249,C18946_R,0.05,9.45,3556,4634
250,C18946_R,0.05,9.45,3557,4636
251,C18946_R,0.05,9.45,3558,4638
252,C18946_R,0.05,9.45,3559,4640
253,C18946_R,0.05,9.45,3560,4642
254,C18946_R,0.05,9.45,3561,4644
255,C18946_R,0.05,9.45,3562,4646
256,C18946_R,0.05,9.45,3563,4648
257,C18946_R,0.05,9.45,3564,4650
258,C18946_R,0.05,9.45,3565,4652
259,C18946_R,0.05,9.45,3566,4654
260,C18946_R,0.05,9.45,3567,4656
261,C18946_R,0.05,9.45,3568,4658
262,C18946_R,0.05,9.45,3569,4660
263,C18946_R,0.05,9.45,3570,4662
264,C18946_R,0.05,9.45,3571,4664
265,C18946_R,0.05,9.45,3572,4666
266,C18946_R,0.05,9.45,3573,4668
267,C18946_R,0.05,9.45,3574,4670
268,C18946_R,0.05,9.45,3575,4672
269,C18946_R,0.05,9.45,3576,4674
270,C18946_R,0.05,9.45,3577,4676
271,C18946_R,0.05,9.45,3578,4678
272,C18946_R,0.05,9.45,3579,4680
273,C18946_R,0.05,9.45,3580,4682
274,C18946_R,0.05,9.45,3581,4684
275,C18946_R,0.05,9.45,3582,4686
276,C18946_R,0.05,9.45,3583,4688
277,C18946_R,0.05,9.45,3584,4690
278,C18946_R,0.05,9.45,3585,4692
279,C18946_R,0.05,9.45,3586,4694
280,C18946_R,0.05,9.45,3587,4696
281,C18946_R,0.05,9.45,3588,4698
282,C18946_R,0.05,9.45,3589,4700
283,C18946_R,0.05,9.45,3590,4702
284,C18946_R,0.05,9.45,3591,4704
285,C18946_R,0.05,9.45,3592,4706
286,C18946_R,0.05,9.45,3593,4708
287,C18946_R,0.05,9.45,3594,4710
288,C18946_R,0.05,9.45,3595,4712
289,C18946_R,0.05,9.45,3596,4714
290,C18946_R,0.05,9.45,3597,4716
291,C18946_R,0.05,9.45,3598,4718
292,C18946_R,0.05,9.45,3599,4720
293,C18946_R,0.05,9.45,3600,4722
294,C18946_R,0.05,9.45,3601,4724
295,C18946_R,0.05,9.45,3602,4726
296,C18946_R,0.05,9.45,3603,4728
297,C18946_R,0.05,9.45,3604,4730
298,C18946_R,0.05,9.45,3605,4732
299,C18946_R,0.03,5.67,3606,4734
300,C18946_R,0.03,5.67,3607,4736
301,C18946_R,0.03,5.67,3608,4738
302,C18946_R,0.03,5.67,3609,4740
303,C18946_R,0.03,5.67,3610,4742
304,C18946_R,0.03,5.67,3611,4744
305,C18946_R,0.03,5.67,3612,4746
306,C18946_R,0.03,5.67,3613,4748
307,C18946_R,0.03,5.67,3614,4750
308,C18946_R,0.03,5.67,3615,4752
309,C18946_R,0.03,5.67,3616,4754
310,C18946_R,0.03,5.67,3617,4756
311,C18946_R,0.03,5.67,3618,4758
312,C18946_R,0.03,5.67,3619,4760
313,C18946_R,0.03,5.67,3620,4762
314,C18946_R,0.03,5.67,3621,4764
315,C18946_R,0.03,5.67,3622,4766
316,C18946_R,0.03,5.67,3623,4768
317,C18946_R,0.03,5.67,3624,4770
318,C18946_R,0.03,5.67,3625,4772
319,C18946_R,0.03,5.67,3626,4774
320,C18946_R,0.03,5.67,3627,4776
321,C18946_R,0.03,5.67,3628,4778
322,C18946_R,0.03,5.67,3629,4780
323,C18946_R,0.03,5.67,3630,4782
324,C18946_R,0.03,5.67,3631,4784
325,C18946_R,0.03,5.67,3632,4786
326,C18946_R,0.03,5.67,3633,4788
327,C18946_R,0.03,5.67,3634,4790
328,C18946_R,0.03,5.67,3635,4792
329,C18946_R,0.03,5.67,3636,4794
330,C18946_R,0.03,5.67,3637,4796
331,C18946_R,0.03,5.67,3638,4798
332,C18946_R,0.03,5.67,3639,4800
333,C18946_R,0.03,5.67,3640,4802
334,C18946_R,0.03,5.67,3641,4804
335,C18946_R,0.03,5.67,3642,4806
336,C18946_R,0.03,5.67,3643,4808
337,C18946_R,0.03,5.67,3644,4810
338,C18946_R,0.03,5.67,3645,4812
339,C18946_R,0.03,5.67,3646,4814
340,C18946_R,0.03,5.67,3647,4816
341,C18946_R,0.03,5.67,3648,4818
342,C18946_R,0.03,5.67,3649,4820
343,C18946_R,0.03,5.67,3650,4822
344,C18946_R,0.03,5.67,3651,4824
345,C18946_R,0.03,5.67,3652,4826
346,C18946_R,0.03,5.67,3653,-99
347,C18946_R,0.03,5.67,3654,-99
348,C18946_R,0.03,5.67,3655,-99
349,C18946_R,0.03,5.67,3656,-99
350,C18946_R,0.03,5.67,3657,-99
351,C18946_R,0.03,5.67,3658,-99
352,C18946_R,0.03,5.67,3659,-99
353,C18946_R,0.03,5.67,3660,-99
354,C18946_R,0.03,5.67,3661,-99
355,C18946_R,0.03,5.67,3662,-99
356,C18946_R,0.03,5.67,3663,-99
357,C18946_R,0.03,5.67,3664,-99
358,C18946_R,0.03,5.67,3665,-99
359,C18946_R,0.03,5.67,3666,-99
360,C18946_R,0.03,5.67,3667,-99
361,C18946_R,0.03,5.67,3668,-99
362,C18946_R,0.03,5.67,3669,-99
363,C18946_R,0.03,5.67,3670,-99
364,C18946_R,0.03,5.67,3671,-99
365,C18946_R,0.03,5.67,3672,-99
0,C17446_R,1.03,179.22,3673,-99
1,C17446_R,0.91,158.34,3674,-99
2,C17446_R,0.82,142.68,3675,-99
3,C17446_R,0.78,135.72,3676,-99
4,C17446_R,0.75,130.5,3677,-99
5,C17446_R,0.73,127.02,3678,-99
6,C17446_R,0.7,121.8,3679,-99
7,C17446_R,0.67,116.58,3680,-99
8,C17446_R,0.65,113.1,3681,-99
9,C17446_R,0.62,107.88,3682,-99
10,C17446_R,0.59,102.66,3683,-99
11,C17446_R,0.57,99.18,3684,-99
12,C17446_R,0.55,95.7,3685,-99
13,C17446_R,0.53,92.22,3686,-99
14,C17446_R,0.51,88.74,3687,-99
15,C17446_R,0.49,85.26,3688,-99
16,C17446_R,0.48,83.52,3689,-99
17,C17446_R,0.47,81.78,3690,-99
18,C17446_R,0.46,80.04,3691,-99
19,C17446_R,0.45,78.3,3692,-99
20,C17446_R,0.44,76.56,3693,-99
21,C17446_R,0.43,74.82,3694,-99
22,C17446_R,0.42,73.08,3695,-99
23,C17446_R,0.41,71.34,3696,-99
24,C17446_R,0.4,69.6,3697,-99
25,C17446_R,0.38,66.12,3698,-99
26,C17446_R,0.37,64.38,3699,-99
27,C17446_R,0.36,62.64,3700,-99
28,C17446_R,0.35,60.9,3701,-99
29,C17446_R,0.34,59.16,3702,-99
30,C17446_R,0.33,57.42,3703,-99
31,C17446_R,0.3,52.2,3704,-99
32,C17446_R,0.29,50.46,3705,-99
33,C17446_R,0.28,48.72,3706,-99
34,C17446_R,0.28,48.72,3707,-99
35,C17446_R,0.27,46.98,3708,-99
36,C17446_R,0.27,46.98,3709,-99
37,C17446_R,0.27,46.98,3710,2230
38,C17446_R,0.25,43.5,3711,2231
39,C17446_R,0.25,43.5,3712,2232
40,C17446_R,0.23,40.02,3713,2233
41,C17446_R,0.23,40.02,3714,2234
42,C17446_R,0.22,38.28,3715,2235
43,C17446_R,0.22,38.28,3716,2236
44,C17446_R,0.22,38.28,3717,2237
45,C17446_R,0.2,34.8,3718,2238
46,C17446_R,0.2,34.8,3719,2239
47,C17446_R,0.18,31.32,3720,2240
48,C17446_R,0.18,31.32,3721,2241
49,C17446_R,0.18,31.32,3722,2242
50,C17446_R,0.17,29.58,3723,2243
51,C17446_R,0.17,29.58,3724,2244
52,C17446_R,0.16,27.84,3725,2245
53,C17446_R,0.16,27.84,3726,2246
54,C17446_R,0.15,26.1,3727,2247
55,C17446_R,0.15,26.1,3728,2248
56,C17446_R,0.15,26.1,3729,2249
57,C17446_R,0.14,24.36,3730,2250
58,C17446_R,0.14,24.36,3731,2251
59,C17446_R,0.13,22.62,3732,2252
60,C17446_R,0.13,22.62,3733,2253
61,C17446_R,0.13,22.62,3734,2254
62,C17446_R,0.13,22.62,3735,2255
63,C17446_R,0.13,22.62,3736,2256
64,C17446_R,0.12,20.88,3737,2257
65,C17446_R,0.12,20.88,3738,2258
66,C17446_R,0.12,20.88,3739,2259
67,C17446_R,0.12,20.88,3740,2260
68,C17446_R,0.11,19.14,3741,2261
69,C17446_R,0.11,19.14,3742,2262
70,C17446_R,0.11,19.14,3743,2263
71,C17446_R,0.096827586,16.84799996,3744,2264
72,C17446_R,0.1,17.4,3745,2265
73,C17446_R,0.1,17.4,3746,2266
74,C17446_R,0.1,17.4,3747,2267
75,C17446_R,0.1,17.4,3748,2268
76,C17446_R,0.1,17.4,3749,2269
77,C17446_R,0.09,15.66,3750,2270
78,C17446_R,0.09,15.66,3751,2271
79,C17446_R,0.09,15.66,3752,2272
80,C17446_R,0.09,15.66,3753,2273
81,C17446_R,0.074068966,12.88800008,3754,2274
82,C17446_R,0.071793103,12.49199992,3755,2275
83,C17446_R,0.069517241,12.09599993,3756,2276
84,C17446_R,0.067241379,11.69999995,3757,2277
85,C17446_R,0.07,12.18,3758,2278
86,C17446_R,0.07,12.18,3759,2279
87,C17446_R,0.07,12.18,3760,2280
88,C17446_R,0.07,12.18,3761,2281
89,C17446_R,0.07,12.18,3762,2282
90,C17446_R,0.07,12.18,3763,2283
91,C17446_R,0.07,12.18,3764,2284
92,C17446_R,0.07,12.18,3765,2285
93,C17446_R,0.07,12.18,3766,2286
94,C17446_R,0.07,12.18,3767,2287
95,C17446_R,0.07,12.18,3768,2288
96,C17446_R,0.07,12.18,3769,2289
97,C17446_R,0.07,12.18,3770,2290
98,C17446_R,0.07,12.18,3771,2291
99,C17446_R,0.07,12.18,3772,2292
100,C17446_R,0.07,12.18,3773,2293
101,C17446_R,0.07,12.18,3774,2294
102,C17446_R,0.07,12.18,3775,2295
103,C17446_R,0.07,12.18,3776,2296
104,C17446_R,0.07,12.18,3777,2297
105,C17446_R,0.07,12.18,3778,2298
106,C17446_R,0.07,12.18,3779,2299
107,C17446_R,0.06,10.44,3780,2300
108,C17446_R,0.06,10.44,3781,2301
109,C17446_R,0.06,10.44,3782,2302
110,C17446_R,0.06,10.44,3783,2303
111,C17446_R,0.06,10.44,3784,2304
112,C17446_R,0.06,10.44,3785,2305
113,C17446_R,0.06,10.44,3786,2306
114,C17446_R,0.06,10.44,3787,2307
115,C17446_R,0.06,10.44,3788,2308
116,C17446_R,0.06,10.44,3789,2309
117,C17446_R,0.06,10.44,3790,2310
118,C17446_R,0.06,10.44,3791,2311
119,C17446_R,0.06,10.44,3792,2312
120,C17446_R,0.06,10.44,3793,2313
121,C17446_R,0.06,10.44,3794,2314
122,C17446_R,0.06,10.44,3795,2315
123,C17446_R,0.06,10.44,3796,2316
124,C17446_R,0.06,10.44,3797,2317
125,C17446_R,0.06,10.44,3798,2318
126,C17446_R,0.06,10.44,3799,2319
127,C17446_R,0.06,10.44,3800,2320
128,C17446_R,0.06,10.44,3801,2321
129,C17446_R,0.06,10.44,3802,2322
130,C17446_R,0.06,10.44,3803,2323
131,C17446_R,0.06,10.44,3804,2324
132,C17446_R,0.06,10.44,3805,2325
133,C17446_R,0.06,10.44,3806,2326
134,C17446_R,0.06,10.44,3807,2327
135,C17446_R,0.06,10.44,3808,2328
136,C17446_R,0.06,10.44,3809,2329
137,C17446_R,0.06,10.44,3810,2330
138,C17446_R,0.06,10.44,3811,2331
139,C17446_R,0.06,10.44,3812,2332
140,C17446_R,0.06,10.44,3813,2333
141,C17446_R,0.06,10.44,3814,2334
142,C17446_R,0.06,10.44,3815,2335
143,C17446_R,0.06,10.44,3816,2336
144,C17446_R,0.06,10.44,3817,2337
145,C17446_R,0.06,10.44,3818,2338
146,C17446_R,0.06,10.44,3819,2339
147,C17446_R,0.06,10.44,3820,2340
148,C17446_R,0.06,10.44,3821,2341
149,C17446_R,0.06,10.44,3822,2342
150,C17446_R,0.06,10.44,3823,2343
151,C17446_R,0.06,10.44,3824,2344
152,C17446_R,0.06,10.44,3825,2345
153,C17446_R,0.06,10.44,3826,2346
154,C17446_R,0.06,10.44,3827,2347
155,C17446_R,0.06,10.44,3828,2348
156,C17446_R,0.06,10.44,3829,2349
157,C17446_R,0.06,10.44,3830,2350
158,C17446_R,0.06,10.44,3831,2351
159,C17446_R,0.06,10.44,3832,2352
160,C17446_R,0.06,10.44,3833,2353
161,C17446_R,0.06,10.44,3834,2354
162,C17446_R,0.06,10.44,3835,2355
163,C17446_R,0.06,10.44,3836,2356
164,C17446_R,0.06,10.44,3837,2357
165,C17446_R,0.06,10.44,3838,2358
166,C17446_R,0.06,10.44,3839,2359
167,C17446_R,0.06,10.44,3840,2360
168,C17446_R,0.06,10.44,3841,2361
169,C17446_R,0.06,10.44,3842,2362
170,C17446_R,0.06,10.44,3843,2363
171,C17446_R,0.06,10.44,3844,2364
172,C17446_R,0.06,10.44,3845,2365
173,C17446_R,0.06,10.44,3846,2366
174,C17446_R,0.06,10.44,3847,2367
175,C17446_R,0.06,10.44,3848,2368
176,C17446_R,0.06,10.44,3849,2369
177,C17446_R,0.06,10.44,3850,2370
178,C17446_R,0.06,10.44,3851,2371
179,C17446_R,0.06,10.44,3852,2372
180,C17446_R,0.06,10.44,3853,2373
181,C17446_R,0.06,10.44,3854,2374
182,C17446_R,0.06,10.44,3855,2375
183,C17446_R,0.06,10.44,3856,2376
184,C17446_R,0.06,10.44,3857,2377
185,C17446_R,0.06,10.44,3858,2378
186,C17446_R,0.06,10.44,3859,2379
187,C17446_R,0.06,10.44,3860,2380
188,C17446_R,0.06,10.44,3861,2381
189,C17446_R,0.06,10.44,3862,2382
190,C17446_R,0.06,10.44,3863,2383
191,C17446_R,0.06,10.44,3864,2384
192,C17446_R,0.06,10.44,3865,2385
193,C17446_R,0.06,10.44,3866,2386
194,C17446_R,0.06,10.44,3867,2387
195,C17446_R,0.06,10.44,3868,2388
196,C17446_R,0.06,10.44,3869,2389
197,C17446_R,0.06,10.44,3870,2390
198,C17446_R,0.06,10.44,3871,2391
199,C17446_R,0.06,10.44,3872,2392
200,C17446_R,0.06,10.44,3873,2393
201,C17446_R,0.06,10.44,3874,2394
202,C17446_R,0.06,10.44,3875,2395
203,C17446_R,0.06,10.44,3876,2396
204,C17446_R,0.06,10.44,3877,2397
205,C17446_R,0.06,10.44,3878,2398
206,C17446_R,0.06,10.44,3879,2399
207,C17446_R,0.06,10.44,3880,2400
208,C17446_R,0.05,8.7,3881,2401
209,C17446_R,0.05,8.7,3882,2402
210,C17446_R,0.05,8.7,3883,2403
211,C17446_R,0.05,8.7,3884,2404
212,C17446_R,0.05,8.7,3885,2405
213,C17446_R,0.05,8.7,3886,2406
214,C17446_R,0.05,8.7,3887,2407
215,C17446_R,0.05,8.7,3888,2408
216,C17446_R,0.05,8.7,3889,2409
217,C17446_R,0.05,8.7,3890,2410
218,C17446_R,0.05,8.7,3891,2411
219,C17446_R,0.05,8.7,3892,2412
220,C17446_R,0.05,8.7,3893,2413
221,C17446_R,0.05,8.7,3894,2414
222,C17446_R,0.05,8.7,3895,2415
223,C17446_R,0.05,8.7,3896,2416
224,C17446_R,0.05,8.7,3897,2417
225,C17446_R,0.05,8.7,3898,2418
226,C17446_R,0.05,8.7,3899,2419
227,C17446_R,0.05,8.7,3900,2420
228,C17446_R,0.05,8.7,3901,2421
229,C17446_R,0.05,8.7,3902,2422
230,C17446_R,0.05,8.7,3903,2423
231,C17446_R,0.05,8.7,3904,2424
232,C17446_R,0.05,8.7,3905,2425
233,C17446_R,0.05,8.7,3906,2426
234,C17446_R,0.05,8.7,3907,2427
235,C17446_R,0.05,8.7,3908,2428
236,C17446_R,0.05,8.7,3909,2429
237,C17446_R,0.05,8.7,3910,2430
238,C17446_R,0.05,8.7,3911,2431
239,C17446_R,0.05,8.7,3912,2432
240,C17446_R,0.05,8.7,3913,2433
241,C17446_R,0.05,8.7,3914,2434
242,C17446_R,0.05,8.7,3915,2435
243,C17446_R,0.05,8.7,3916,2436
244,C17446_R,0.05,8.7,3917,2437
245,C17446_R,0.05,8.7,3918,2438
246,C17446_R,0.05,8.7,3919,2439
247,C17446_R,0.05,8.7,3920,2440
248,C17446_R,0.05,8.7,3921,2441
249,C17446_R,0.05,8.7,3922,2442
250,C17446_R,0.05,8.7,3923,2443
251,C17446_R,0.05,8.7,3924,2444
252,C17446_R,0.05,8.7,3925,2445
253,C17446_R,0.05,8.7,3926,2446
254,C17446_R,0.05,8.7,3927,2447
255,C17446_R,0.05,8.7,3928,2448
256,C17446_R,0.05,8.7,3929,2449
257,C17446_R,0.05,8.7,3930,2450
258,C17446_R,0.05,8.7,3931,2451
259,C17446_R,0.05,8.7,3932,2452
260,C17446_R,0.05,8.7,3933,2453
261,C17446_R,0.05,8.7,3934,2454
262,C17446_R,0.05,8.7,3935,2455
263,C17446_R,0.05,8.7,3936,2456
264,C17446_R,0.05,8.7,3937,2457
265,C17446_R,0.05,8.7,3938,2458
266,C17446_R,0.05,8.7,3939,2459
267,C17446_R,0.05,8.7,3940,2460
268,C17446_R,0.05,8.7,3941,2461
269,C17446_R,0.05,8.7,3942,2462
270,C17446_R,0.05,8.7,3943,2463
271,C17446_R,0.05,8.7,3944,2464
272,C17446_R,0.05,8.7,3945,2465
273,C17446_R,0.05,8.7,3946,2466
274,C17446_R,0.05,8.7,3947,2467
275,C17446_R,0.05,8.7,3948,2468
276,C17446_R,0.05,8.7,3949,2469
277,C17446_R,0.05,8.7,3950,2470
278,C17446_R,0.05,8.7,3951,2471
279,C17446_R,0.05,8.7,3952,2472
280,C17446_R,0.05,8.7,3953,2473
281,C17446_R,0.05,8.7,3954,2474
282,C17446_R,0.05,8.7,3955,2475
283,C17446_R,0.05,8.7,3956,2476
284,C17446_R,0.05,8.7,3957,2477
285,C17446_R,0.05,8.7,3958,2478
286,C17446_R,0.05,8.7,3959,2479
287,C17446_R,0.05,8.7,3960,2480
288,C17446_R,0.05,8.7,3961,2481
289,C17446_R,0.05,8.7,3962,2482
290,C17446_R,0.05,8.7,3963,2483
291,C17446_R,0.05,8.7,3964,2484
292,C17446_R,0.05,8.7,3965,2485
293,C17446_R,0.05,8.7,3966,2486
294,C17446_R,0.05,8.7,3967,2487
295,C17446_R,0.05,8.7,3968,2488
296,C17446_R,0.05,8.7,3969,2489
297,C17446_R,0.05,8.7,3970,2490
298,C17446_R,0.05,8.7,3971,2491
299,C17446_R,0.03,5.22,3972,2492
300,C17446_R,0.03,5.22,3973,2493
301,C17446_R,0.03,5.22,3974,2494
302,C17446_R,0.03,5.22,3975,2495
303,C17446_R,0.03,5.22,3976,2496
304,C17446_R,0.03,5.22,3977,2497
305,C17446_R,0.03,5.22,3978,2498
306,C17446_R,0.03,5.22,3979,2499
307,C17446_R,0.03,5.22,3980,2500
308,C17446_R,0.03,5.22,3981,2501
309,C17446_R,0.03,5.22,3982,2502
310,C17446_R,0.03,5.22,3983,2503
311,C17446_R,0.03,5.22,3984,2504
312,C17446_R,0.03,5.22,3985,2505
313,C17446_R,0.03,5.22,3986,2506
314,C17446_R,0.03,5.22,3987,2507
315,C17446_R,0.03,5.22,3988,2508
316,C17446_R,0.03,5.22,3989,2509
317,C17446_R,0.03,5.22,3990,2510
318,C17446_R,0.03,5.22,3991,2511
319,C17446_R,0.03,5.22,3992,2512
320,C17446_R,0.03,5.22,3993,2513
321,C17446_R,0.03,5.22,3994,2514
322,C17446_R,0.03,5.22,3995,2515
323,C17446_R,0.03,5.22,3996,2516
324,C17446_R,0.03,5.22,3997,2517
325,C17446_R,0.03,5.22,3998,2518
326,C17446_R,0.03,5.22,3999,2519
327,C17446_R,0.03,5.22,4000,2520
328,C17446_R,0.03,5.22,4001,2521
329,C17446_R,0.03,5.22,4002,2522
330,C17446_R,0.03,5.22,4003,2523
331,C17446_R,0.03,5.22,4004,2524
332,C17446_R,0.03,5.22,4005,2525
333,C17446_R,0.03,5.22,4006,2526
334,C17446_R,0.03,5.22,4007,2527
335,C17446_R,0.03,5.22,4008,2528
336,C17446_R,0.03,5.22,4009,2529
337,C17446_R,0.03,5.22,4010,2530
338,C17446_R,0.03,5.22,4011,2531
339,C17446_R,0.03,5.22,4012,2532
340,C17446_R,0.03,5.22,4013,2533
341,C17446_R,0.03,5.22,4014,2534
342,C17446_R,0.03,5.22,4015,2535
343,C17446_R,0.03,5.22,4016,2536
344,C17446_R,0.03,5.22,4017,2537
345,C17446_R,0.03,5.22,4018,2538
346,C17446_R,0.03,5.22,4019,2539
347,C17446_R,0.03,5.22,4020,2540
348,C17446_R,0.03,5.22,4021,2541
349,C17446_R,0.03,5.22,4022,2542
350,C17446_R,0.03,5.22,4023,2543
351,C17446_R,0.03,5.22,4024,2544
352,C17446_R,0.03,5.22,4025,2545
353,C17446_R,0.03,5.22,4026,2546
354,C17446_R,0.03,5.22,4027,2547
355,C17446_R,0.03,5.22,4028,2548
356,C17446_R,0.03,5.22,4029,2549
357,C17446_R,0.03,5.22,4030,2550
358,C17446_R,0.03,5.22,4031,2551
359,C17446_R,0.03,5.22,4032,2552
360,C17446_R,0.03,5.22,4033,2553
361,C17446_R,0.03,5.22,4034,2554
362,C17446_R,0.03,5.22,4035,2555
363,C17446_R,0.03,5.22,4036,2556
364,C17446_R,0.03,5.22,4037,2557
365,C17446_R,0.03,5.22,4038,2558
0,C18946_W,1.04,196.56,4039,2559
1,C18946_W,0.93,175.77,4040,2560
2,C18946_W,0.83,156.87,4041,2561
3,C18946_W,0.79,149.31,4042,2562
4,C18946_W,0.77,145.53,4043,2563
5,C18946_W,0.75,141.75,4044,2564
6,C18946_W,0.73,137.97,4045,2565
7,C18946_W,0.7,132.3,4046,2566
8,C18946_W,0.68,128.52,4047,2567
9,C18946_W,0.66,124.74,4048,2568
10,C18946_W,0.65,122.85,4049,2569
11,C18946_W,0.64,120.96,4050,2570
12,C18946_W,0.63,119.07,4051,2571
13,C18946_W,0.61,115.29,4052,2572
14,C18946_W,0.59,111.51,4053,2573
15,C18946_W,0.57,107.73,4054,2574
16,C18946_W,0.54,102.06,4055,2575
17,C18946_W,0.53,100.17,4056,2576
18,C18946_W,0.52,98.28,4057,2577
19,C18946_W,0.51,96.39,4058,2578
20,C18946_W,0.5,94.5,4059,2579
21,C18946_W,0.49,92.61,4060,2580
22,C18946_W,0.48,90.72,4061,2581
23,C18946_W,0.47,88.83,4062,2582
24,C18946_W,0.47,88.83,4063,2583
25,C18946_W,0.46,86.94,4064,2584
26,C18946_W,0.46,86.94,4065,2585
27,C18946_W,0.45,85.05,4066,2586
28,C18946_W,0.43,81.27,4067,2587
29,C18946_W,0.41,77.49,4068,2588
30,C18946_W,0.4,75.6,4069,2589
31,C18946_W,0.39,73.71,4070,2590
32,C18946_W,0.39,73.71,4071,2591
33,C18946_W,0.38,71.82,4072,2592
34,C18946_W,0.37,69.93,4073,2593
35,C18946_W,0.37,69.93,4074,2594
36,C18946_W,0.36,68.04,4075,2595
37,C18946_W,0.35,66.15,4076,2596
38,C18946_W,0.33,62.37,4077,2597
39,C18946_W,0.32,60.48,4078,2598
40,C18946_W,0.3,56.7,4079,2599
41,C18946_W,0.29,54.81,4080,2600
42,C18946_W,0.27,51.03,4081,2601
43,C18946_W,0.27,51.03,4082,2602
44,C18946_W,0.26,49.14,4083,2603
45,C18946_W,0.26,49.14,4084,2604
46,C18946_W,0.25,47.25,4085,2605
47,C18946_W,0.25,47.25,4086,2606
48,C18946_W,0.24,45.36,4087,2607
49,C18946_W,0.22,41.58,4088,2608
50,C18946_W,0.2,37.8,4089,2609
51,C18946_W,0.19,35.91,4090,2610
52,C18946_W,0.19,35.91,4091,2611
53,C18946_W,0.18,34.02,4092,2612
54,C18946_W,0.18,34.02,4093,2613
55,C18946_W,0.17,32.13,4094,2614
56,C18946_W,0.17,32.13,4095,2615
57,C18946_W,0.16,30.24,4096,2616
58,C18946_W,0.16,30.24,4097,2617
59,C18946_W,0.14,26.46,4098,2618
60,C18946_W,0.14,26.46,4099,2619
61,C18946_W,0.13,24.57,4100,2620
62,C18946_W,0.13,24.57,4101,2621
63,C18946_W,0.13,24.57,4102,2622
64,C18946_W,0.12,22.68,4103,2623
65,C18946_W,0.12,22.68,4104,2624
66,C18946_W,0.12,22.68,4105,2625
67,C18946_W,0.12,22.68,4106,2626
68,C18946_W,0.11,20.79,4107,2627
69,C18946_W,0.11,20.79,4108,2628
70,C18946_W,0.11,20.79,4109,2629
71,C18946_W,0.096827586,18.30041375,4110,2630
72,C18946_W,0.1,18.9,4111,2631
73,C18946_W,0.1,18.9,4112,2632
74,C18946_W,0.1,18.9,4113,2633
75,C18946_W,0.1,18.9,4114,2634
76,C18946_W,0.1,18.9,4115,2635
77,C18946_W,0.09,17.01,4116,2636
78,C18946_W,0.09,17.01,4117,2637
79,C18946_W,0.09,17.01,4118,2638
80,C18946_W,0.09,17.01,4119,2639
81,C18946_W,0.074068966,13.99903457,4120,2640
82,C18946_W,0.071793103,13.56889647,4121,2641
83,C18946_W,0.069517241,13.13875855,4122,2642
84,C18946_W,0.067241379,12.70862063,4123,2643
85,C18946_W,0.07,13.23,4124,2644
86,C18946_W,0.07,13.23,4125,2645
87,C18946_W,0.07,13.23,4126,2646
88,C18946_W,0.07,13.23,4127,2647
89,C18946_W,0.07,13.23,4128,2648
90,C18946_W,0.07,13.23,4129,2649
91,C18946_W,0.07,13.23,4130,2650
92,C18946_W,0.07,13.23,4131,2651
93,C18946_W,0.07,13.23,4132,2652
94,C18946_W,0.07,13.23,4133,2653
95,C18946_W,0.07,13.23,4134,2654
96,C18946_W,0.07,13.23,4135,2655
97,C18946_W,0.07,13.23,4136,2656
98,C18946_W,0.07,13.23,4137,2657
99,C18946_W,0.07,13.23,4138,2658
100,C18946_W,0.07,13.23,4139,2659
101,C18946_W,0.07,13.23,4140,2660
102,C18946_W,0.07,13.23,4141,2661
103,C18946_W,0.07,13.23,4142,2662
104,C18946_W,0.07,13.23,4143,2663
105,C18946_W,0.07,13.23,4144,2664
106,C18946_W,0.07,13.23,4145,2665
107,C18946_W,0.06,11.34,4146,2666
108,C18946_W,0.06,11.34,4147,2667
109,C18946_W,0.06,11.34,4148,2668
110,C18946_W,0.06,11.34,4149,2669
111,C18946_W,0.06,11.34,4150,2670
112,C18946_W,0.06,11.34,4151,2671
113,C18946_W,0.06,11.34,4152,2672
114,C18946_W,0.06,11.34,4153,2673
115,C18946_W,0.06,11.34,4154,2674
116,C18946_W,0.06,11.34,4155,2675
117,C18946_W,0.06,11.34,4156,2676
118,C18946_W,0.06,11.34,4157,2677
119,C18946_W,0.06,11.34,4158,2678
120,C18946_W,0.06,11.34,4159,2679
121,C18946_W,0.06,11.34,4160,2680
122,C18946_W,0.06,11.34,4161,2681
123,C18946_W,0.06,11.34,4162,2682
124,C18946_W,0.06,11.34,4163,2683
125,C18946_W,0.06,11.34,4164,2684
126,C18946_W,0.06,11.34,4165,2685
127,C18946_W,0.06,11.34,4166,2686
128,C18946_W,0.06,11.34,4167,2687
129,C18946_W,0.06,11.34,4168,2688
130,C18946_W,0.06,11.34,4169,2689
131,C18946_W,0.06,11.34,4170,2690
132,C18946_W,0.06,11.34,4171,2691
133,C18946_W,0.06,11.34,4172,2692
134,C18946_W,0.06,11.34,4173,2693
135,C18946_W,0.06,11.34,4174,2694
136,C18946_W,0.06,11.34,4175,2695
137,C18946_W,0.06,11.34,4176,2696
138,C18946_W,0.06,11.34,4177,2697
139,C18946_W,0.06,11.34,4178,2698
140,C18946_W,0.06,11.34,4179,2699
141,C18946_W,0.06,11.34,4180,2700
142,C18946_W,0.06,11.34,4181,2701
143,C18946_W,0.06,11.34,4182,2702
144,C18946_W,0.06,11.34,4183,2703
145,C18946_W,0.06,11.34,4184,2704
146,C18946_W,0.06,11.34,4185,2705
147,C18946_W,0.06,11.34,4186,2706
148,C18946_W,0.06,11.34,4187,2707
149,C18946_W,0.06,11.34,4188,2708
150,C18946_W,0.06,11.34,4189,2709
151,C18946_W,0.06,11.34,4190,2710
152,C18946_W,0.06,11.34,4191,2711
153,C18946_W,0.06,11.34,4192,2712
154,C18946_W,0.06,11.34,4193,2713
155,C18946_W,0.06,11.34,4194,2714
156,C18946_W,0.06,11.34,4195,2715
157,C18946_W,0.06,11.34,4196,2716
158,C18946_W,0.06,11.34,4197,2717
159,C18946_W,0.06,11.34,4198,2718
160,C18946_W,0.06,11.34,4199,2719
161,C18946_W,0.06,11.34,4200,2720
162,C18946_W,0.06,11.34,4201,2721
163,C18946_W,0.06,11.34,4202,2722
164,C18946_W,0.06,11.34,4203,2723
165,C18946_W,0.06,11.34,4204,2724
166,C18946_W,0.06,11.34,4205,2725
167,C18946_W,0.06,11.34,4206,2726
168,C18946_W,0.06,11.34,4207,2727
169,C18946_W,0.06,11.34,4208,2728
170,C18946_W,0.06,11.34,4209,2729
171,C18946_W,0.06,11.34,4210,2730
172,C18946_W,0.06,11.34,4211,2731
173,C18946_W,0.06,11.34,4212,2732
174,C18946_W,0.06,11.34,4213,2733
175,C18946_W,0.06,11.34,4214,2734
176,C18946_W,0.06,11.34,4215,2735
177,C18946_W,0.06,11.34,4216,2736
178,C18946_W,0.06,11.34,4217,2737
179,C18946_W,0.06,11.34,4218,2738
180,C18946_W,0.06,11.34,4219,2739
181,C18946_W,0.06,11.34,4220,2740
182,C18946_W,0.06,11.34,4221,2741
183,C18946_W,0.06,11.34,4222,2742
184,C18946_W,0.06,11.34,4223,2743
185,C18946_W,0.06,11.34,4224,2744
186,C18946_W,0.06,11.34,4225,2745
187,C18946_W,0.06,11.34,4226,2746
188,C18946_W,0.06,11.34,4227,2747
189,C18946_W,0.06,11.34,4228,2748
190,C18946_W,0.06,11.34,4229,2749
191,C18946_W,0.06,11.34,4230,2750
192,C18946_W,0.06,11.34,4231,2751
193,C18946_W,0.06,11.34,4232,2752
194,C18946_W,0.06,11.34,4233,2753
195,C18946_W,0.06,11.34,4234,2754
196,C18946_W,0.06,11.34,4235,2755
197,C18946_W,0.06,11.34,4236,2756
198,C18946_W,0.06,11.34,4237,2757
199,C18946_W,0.06,11.34,4238,2758
200,C18946_W,0.06,11.34,4239,2759
201,C18946_W,0.06,11.34,4240,2760
202,C18946_W,0.06,11.34,4241,2761
203,C18946_W,0.06,11.34,4242,2762
204,C18946_W,0.06,11.34,4243,2763
205,C18946_W,0.06,11.34,4244,2764
206,C18946_W,0.06,11.34,4245,2765
207,C18946_W,0.06,11.34,4246,2766
208,C18946_W,0.05,9.45,4247,2767
209,C18946_W,0.05,9.45,4248,2768
210,C18946_W,0.05,9.45,4249,2769
211,C18946_W,0.05,9.45,4250,2770
212,C18946_W,0.05,9.45,4251,2771
213,C18946_W,0.05,9.45,4252,2772
214,C18946_W,0.05,9.45,4253,2773
215,C18946_W,0.05,9.45,4254,2774
216,C18946_W,0.05,9.45,4255,2775
217,C18946_W,0.05,9.45,4256,2776
218,C18946_W,0.05,9.45,4257,2777
219,C18946_W,0.05,9.45,4258,2778
220,C18946_W,0.05,9.45,4259,2779
221,C18946_W,0.05,9.45,4260,2780
222,C18946_W,0.05,9.45,4261,2781
223,C18946_W,0.05,9.45,4262,2782
224,C18946_W,0.05,9.45,4263,2783
225,C18946_W,0.05,9.45,4264,2784
226,C18946_W,0.05,9.45,4265,2785
227,C18946_W,0.05,9.45,4266,2786
228,C18946_W,0.05,9.45,4267,2787
229,C18946_W,0.05,9.45,4268,2788
230,C18946_W,0.05,9.45,4269,2789
231,C18946_W,0.05,9.45,4270,2790
232,C18946_W,0.05,9.45,4271,2791
233,C18946_W,0.05,9.45,4272,2792
234,C18946_W,0.05,9.45,4273,2793
235,C18946_W,0.05,9.45,4274,2794
236,C18946_W,0.05,9.45,4275,2795
237,C18946_W,0.05,9.45,4276,2796
238,C18946_W,0.05,9.45,4277,2797
239,C18946_W,0.05,9.45,4278,2798
240,C18946_W,0.05,9.45,4279,2799
241,C18946_W,0.05,9.45,4280,2800
242,C18946_W,0.05,9.45,4281,2801
243,C18946_W,0.05,9.45,4282,2802
244,C18946_W,0.05,9.45,4283,2803
245,C18946_W,0.05,9.45,4284,2804
246,C18946_W,0.05,9.45,4285,2805
247,C18946_W,0.05,9.45,4286,2806
248,C18946_W,0.05,9.45,4287,2807
249,C18946_W,0.05,9.45,4288,2808
250,C18946_W,0.05,9.45,4289,2809
251,C18946_W,0.05,9.45,4290,2810
252,C18946_W,0.05,9.45,4291,2811
253,C18946_W,0.05,9.45,4292,2812
254,C18946_W,0.05,9.45,4293,2813
255,C18946_W,0.05,9.45,4294,2814
256,C18946_W,0.05,9.45,4295,2815
257,C18946_W,0.05,9.45,4296,2816
258,C18946_W,0.05,9.45,4297,2817
259,C18946_W,0.05,9.45,4298,2818
260,C18946_W,0.05,9.45,4299,2819
261,C18946_W,0.05,9.45,4300,2820
262,C18946_W,0.05,9.45,4301,2821
263,C18946_W,0.05,9.45,4302,2822
264,C18946_W,0.05,9.45,4303,2823
265,C18946_W,0.05,9.45,4304,2824
266,C18946_W,0.05,9.45,4305,2825
267,C18946_W,0.05,9.45,4306,2826
268,C18946_W,0.05,9.45,4307,2827
269,C18946_W,0.05,9.45,4308,2828
270,C18946_W,0.05,9.45,4309,2829
271,C18946_W,0.05,9.45,4310,2830
272,C18946_W,0.05,9.45,4311,2831
273,C18946_W,0.05,9.45,4312,2832
274,C18946_W,0.05,9.45,4313,2833
275,C18946_W,0.05,9.45,4314,2834
276,C18946_W,0.05,9.45,4315,2835
277,C18946_W,0.05,9.45,4316,2836
278,C18946_W,0.05,9.45,4317,2837
279,C18946_W,0.05,9.45,4318,2838
280,C18946_W,0.05,9.45,4319,2839
281,C18946_W,0.05,9.45,4320,2840
282,C18946_W,0.05,9.45,4321,2841
283,C18946_W,0.05,9.45,4322,2842
284,C18946_W,0.05,9.45,4323,2843
285,C18946_W,0.05,9.45,4324,2844
286,C18946_W,0.05,9.45,4325,2845
287,C18946_W,0.05,9.45,4326,2846
288,C18946_W,0.05,9.45,4327,2847
289,C18946_W,0.05,9.45,4328,2848
290,C18946_W,0.05,9.45,4329,2849
291,C18946_W,0.05,9.45,4330,2850
292,C18946_W,0.05,9.45,4331,2851
293,C18946_W,0.05,9.45,4332,2852
294,C18946_W,0.05,9.45,4333,2853
295,C18946_W,0.05,9.45,4334,2854
296,C18946_W,0.05,9.45,4335,2855
297,C18946_W,0.05,9.45,4336,2856
298,C18946_W,0.05,9.45,4337,2857
299,C18946_W,0.03,5.67,4338,2858
300,C18946_W,0.03,5.67,4339,2859
301,C18946_W,0.03,5.67,4340,2860
302,C18946_W,0.03,5.67,4341,2861
303,C18946_W,0.03,5.67,4342,2862
304,C18946_W,0.03,5.67,4343,2863
305,C18946_W,0.03,5.67,4344,2864
306,C18946_W,0.03,5.67,4345,2865
307,C18946_W,0.03,5.67,4346,2866
308,C18946_W,0.03,5.67,4347,2867
309,C18946_W,0.03,5.67,4348,2868
310,C18946_W,0.03,5.67,4349,2869
311,C18946_W,0.03,5.67,4350,2870
312,C18946_W,0.03,5.67,4351,2871
313,C18946_W,0.03,5.67,4352,2872
314,C18946_W,0.03,5.67,4353,2873
315,C18946_W,0.03,5.67,4354,2874
316,C18946_W,0.03,5.67,4355,2875
317,C18946_W,0.03,5.67,4356,2876
318,C18946_W,0.03,5.67,4357,2877
319,C18946_W,0.03,5.67,4358,2878
320,C18946_W,0.03,5.67,4359,2879
321,C18946_W,0.03,5.67,4360,2880
322,C18946_W,0.03,5.67,4361,2881
323,C18946_W,0.03,5.67,4362,2882
324,C18946_W,0.03,5.67,4363,2883
325,C18946_W,0.03,5.67,4364,2884
326,C18946_W,0.03,5.67,4365,2885
327,C18946_W,0.03,5.67,4366,2886
328,C18946_W,0.03,5.67,4367,2887
329,C18946_W,0.03,5.67,4368,2888
330,C18946_W,0.03,5.67,4369,2889
331,C18946_W,0.03,5.67,4370,2890
332,C18946_W,0.03,5.67,4371,2891
333,C18946_W,0.03,5.67,4372,2892
334,C18946_W,0.03,5.67,4373,2893
335,C18946_W,0.03,5.67,4374,2894
336,C18946_W,0.03,5.67,4375,2895
337,C18946_W,0.03,5.67,4376,2896
338,C18946_W,0.03,5.67,4377,2897
339,C18946_W,0.03,5.67,4378,2898
340,C18946_W,0.03,5.67,4379,2899
341,C18946_W,0.03,5.67,4380,2900
342,C18946_W,0.03,5.67,4381,2901
343,C18946_W,0.03,5.67,4382,2902
344,C18946_W,0.03,5.67,4383,2903
345,C18946_W,0.03,5.67,4384,2904
346,C18946_W,0.03,5.67,4385,2905
347,C18946_W,0.03,5.67,4386,2906
348,C18946_W,0.03,5.67,4387,2907
349,C18946_W,0.03,5.67,4388,2908
350,C18946_W,0.03,5.67,4389,2909
351,C18946_W,0.03,5.67,4390,2910
352,C18946_W,0.03,5.67,4391,2911
353,C18946_W,0.03,5.67,4392,2912
354,C18946_W,0.03,5.67,4393,2913
355,C18946_W,0.03,5.67,4394,2914
356,C18946_W,0.03,5.67,4395,2915
357,C18946_W,0.03,5.67,4396,2916
358,C18946_W,0.03,5.67,4397,2917
359,C18946_W,0.03,5.67,4398,2918
360,C18946_W,0.03,5.67,4399,2919
361,C18946_W,0.03,5.67,4400,2920
362,C18946_W,0.03,5.67,4401,2921
363,C18946_W,0.03,5.67,4402,2922
364,C18946_W,0.03,5.67,4403,2923
365,C18946_W,0.03,5.67,4404,2924
0,C17446_W,1.04,180.96,4405,2925
1,C17446_W,0.93,161.82,4406,2926
2,C17446_W,0.83,144.42,4407,2927
3,C17446_W,0.79,137.46,4408,2928
4,C17446_W,0.77,133.98,4409,2929
5,C17446_W,0.75,130.5,4410,2930
6,C17446_W,0.73,127.02,4411,2931
7,C17446_W,0.7,121.8,4412,2932
8,C17446_W,0.68,118.32,4413,2933
9,C17446_W,0.66,114.84,4414,2934
10,C17446_W,0.65,113.1,4415,2935
11,C17446_W,0.64,111.36,4416,2936
12,C17446_W,0.63,109.62,4417,2937
13,C17446_W,0.61,106.14,4418,2938
14,C17446_W,0.59,102.66,4419,2939
15,C17446_W,0.57,99.18,4420,2940
16,C17446_W,0.54,93.96,4421,2941
17,C17446_W,0.53,92.22,4422,2942
18,C17446_W,0.52,90.48,4423,2943
19,C17446_W,0.51,88.74,4424,2944
20,C17446_W,0.5,87,4425,2945
21,C17446_W,0.49,85.26,4426,2946
22,C17446_W,0.48,83.52,4427,2947
23,C17446_W,0.47,81.78,4428,2948
24,C17446_W,0.47,81.78,4429,2949
25,C17446_W,0.46,80.04,4430,2950
26,C17446_W,0.46,80.04,4431,2951
27,C17446_W,0.45,78.3,4432,2952
28,C17446_W,0.43,74.82,4433,2953
29,C17446_W,0.41,71.34,4434,2954
30,C17446_W,0.4,69.6,4435,2955
31,C17446_W,0.39,67.86,4436,2956
32,C17446_W,0.39,67.86,4437,2957
33,C17446_W,0.38,66.12,4438,2958
34,C17446_W,0.37,64.38,4439,2959
35,C17446_W,0.37,64.38,4440,2960
36,C17446_W,0.36,62.64,4441,2961
37,C17446_W,0.35,60.9,4442,2962
38,C17446_W,0.33,57.42,4443,2963
39,C17446_W,0.32,55.68,4444,2964
40,C17446_W,0.3,52.2,4445,2965
41,C17446_W,0.29,50.46,4446,2966
42,C17446_W,0.27,46.98,4447,2967
43,C17446_W,0.27,46.98,4448,2968
44,C17446_W,0.26,45.24,4449,2969
45,C17446_W,0.26,45.24,4450,2970
46,C17446_W,0.25,43.5,4451,2971
47,C17446_W,0.25,43.5,4452,2972
48,C17446_W,0.24,41.76,4453,2973
49,C17446_W,0.22,38.28,4454,2974
50,C17446_W,0.2,34.8,4455,2975
51,C17446_W,0.19,33.06,4456,2976
52,C17446_W,0.19,33.06,4457,2977
53,C17446_W,0.18,31.32,4458,2978
54,C17446_W,0.18,31.32,4459,2979
55,C17446_W,0.17,29.58,4460,2980
56,C17446_W,0.17,29.58,4461,2981
57,C17446_W,0.16,27.84,4462,2982
58,C17446_W,0.16,27.84,4463,2983
59,C17446_W,0.14,24.36,4464,2984
60,C17446_W,0.14,24.36,4465,2985
61,C17446_W,0.13,22.62,4466,2986
62,C17446_W,0.13,22.62,4467,2987
63,C17446_W,0.13,22.62,4468,2988
64,C17446_W,0.12,20.88,4469,2989
65,C17446_W,0.12,20.88,4470,2990
66,C17446_W,0.12,20.88,4471,2991
67,C17446_W,0.12,20.88,4472,2992
68,C17446_W,0.11,19.14,4473,2993
69,C17446_W,0.11,19.14,4474,2994
70,C17446_W,0.11,19.14,4475,2995
71,C17446_W,0.096827586,16.84799996,4476,2996
72,C17446_W,0.1,17.4,4477,2997
73,C17446_W,0.1,17.4,4478,2998
74,C17446_W,0.1,17.4,4479,2999
75,C17446_W,0.1,17.4,4480,3000
76,C17446_W,0.1,17.4,4481,3001
77,C17446_W,0.09,15.66,4482,3002
78,C17446_W,0.09,15.66,4483,3003
79,C17446_W,0.09,15.66,4484,3004
80,C17446_W,0.09,15.66,4485,3005
81,C17446_W,0.074068966,12.88800008,4486,3006
82,C17446_W,0.071793103,12.49199992,4487,3007
83,C17446_W,0.069517241,12.09599993,4488,3008
84,C17446_W,0.067241379,11.69999995,4489,3009
85,C17446_W,0.07,12.18,4490,3010
86,C17446_W,0.07,12.18,4491,3011
87,C17446_W,0.07,12.18,4492,3012
88,C17446_W,0.07,12.18,4493,3013
89,C17446_W,0.07,12.18,4494,3014
90,C17446_W,0.07,12.18,4495,3015
91,C17446_W,0.07,12.18,4496,3016
92,C17446_W,0.07,12.18,4497,3017
93,C17446_W,0.07,12.18,4498,3018
94,C17446_W,0.07,12.18,4499,3019
95,C17446_W,0.07,12.18,4500,3020
96,C17446_W,0.07,12.18,4501,3021
97,C17446_W,0.07,12.18,4502,3022
98,C17446_W,0.07,12.18,4503,3023
99,C17446_W,0.07,12.18,4504,3024
100,C17446_W,0.07,12.18,4505,3025
101,C17446_W,0.07,12.18,4506,3026
102,C17446_W,0.07,12.18,4507,3027
103,C17446_W,0.07,12.18,4508,3028
104,C17446_W,0.07,12.18,4509,3029
105,C17446_W,0.07,12.18,4510,3030
106,C17446_W,0.07,12.18,4511,3031
107,C17446_W,0.06,10.44,4512,3032
108,C17446_W,0.06,10.44,4513,3033
109,C17446_W,0.06,10.44,4514,3034
110,C17446_W,0.06,10.44,4515,3035
111,C17446_W,0.06,10.44,4516,3036
112,C17446_W,0.06,10.44,4517,3037
113,C17446_W,0.06,10.44,4518,3038
114,C17446_W,0.06,10.44,4519,3039
115,C17446_W,0.06,10.44,4520,3040
116,C17446_W,0.06,10.44,4521,3041
117,C17446_W,0.06,10.44,4522,3042
118,C17446_W,0.06,10.44,4523,3043
119,C17446_W,0.06,10.44,4524,3044
120,C17446_W,0.06,10.44,4525,3045
121,C17446_W,0.06,10.44,4526,3046
122,C17446_W,0.06,10.44,4527,3047
123,C17446_W,0.06,10.44,4528,3048
124,C17446_W,0.06,10.44,4529,3049
125,C17446_W,0.06,10.44,4530,3050
126,C17446_W,0.06,10.44,4531,3051
127,C17446_W,0.06,10.44,4532,3052
128,C17446_W,0.06,10.44,4533,3053
129,C17446_W,0.06,10.44,4534,3054
130,C17446_W,0.06,10.44,4535,3055
131,C17446_W,0.06,10.44,4536,3056
132,C17446_W,0.06,10.44,4537,3057
133,C17446_W,0.06,10.44,4538,3058
134,C17446_W,0.06,10.44,4539,3059
135,C17446_W,0.06,10.44,4540,3060
136,C17446_W,0.06,10.44,4541,3061
137,C17446_W,0.06,10.44,4542,3062
138,C17446_W,0.06,10.44,4543,3063
139,C17446_W,0.06,10.44,4544,3064
140,C17446_W,0.06,10.44,4545,3065
141,C17446_W,0.06,10.44,4546,3066
142,C17446_W,0.06,10.44,4547,3067
143,C17446_W,0.06,10.44,4548,3068
144,C17446_W,0.06,10.44,4549,3069
145,C17446_W,0.06,10.44,4550,3070
146,C17446_W,0.06,10.44,4551,3071
147,C17446_W,0.06,10.44,4552,3072
148,C17446_W,0.06,10.44,4553,3073
149,C17446_W,0.06,10.44,4554,3074
150,C17446_W,0.06,10.44,4555,3075
151,C17446_W,0.06,10.44,4556,3076
152,C17446_W,0.06,10.44,4557,3077
153,C17446_W,0.06,10.44,4558,3078
154,C17446_W,0.06,10.44,4559,3079
155,C17446_W,0.06,10.44,4560,3080
156,C17446_W,0.06,10.44,4561,3081
157,C17446_W,0.06,10.44,4562,3082
158,C17446_W,0.06,10.44,4563,3083
159,C17446_W,0.06,10.44,4564,3084
160,C17446_W,0.06,10.44,4565,3085
161,C17446_W,0.06,10.44,4566,3086
162,C17446_W,0.06,10.44,4567,3087
163,C17446_W,0.06,10.44,4568,3088
164,C17446_W,0.06,10.44,4569,3089
165,C17446_W,0.06,10.44,4570,3090
166,C17446_W,0.06,10.44,4571,3091
167,C17446_W,0.06,10.44,4572,3092
168,C17446_W,0.06,10.44,4573,3093
169,C17446_W,0.06,10.44,4574,3094
170,C17446_W,0.06,10.44,4575,3095
171,C17446_W,0.06,10.44,4576,3096
172,C17446_W,0.06,10.44,4577,3097
173,C17446_W,0.06,10.44,4578,3098
174,C17446_W,0.06,10.44,4579,3099
175,C17446_W,0.06,10.44,4580,3100
176,C17446_W,0.06,10.44,4581,3101
177,C17446_W,0.06,10.44,4582,3102
178,C17446_W,0.06,10.44,4583,3103
179,C17446_W,0.06,10.44,4584,3104
180,C17446_W,0.06,10.44,4585,3105
181,C17446_W,0.06,10.44,4586,3106
182,C17446_W,0.06,10.44,4587,3107
183,C17446_W,0.06,10.44,4588,3108
184,C17446_W,0.06,10.44,4589,3109
185,C17446_W,0.06,10.44,4590,3110
186,C17446_W,0.06,10.44,4591,3111
187,C17446_W,0.06,10.44,4592,3112
188,C17446_W,0.06,10.44,4593,3113
189,C17446_W,0.06,10.44,4594,3114
190,C17446_W,0.06,10.44,4595,3115
191,C17446_W,0.06,10.44,4596,3116
192,C17446_W,0.06,10.44,4597,3117
193,C17446_W,0.06,10.44,4598,3118
194,C17446_W,0.06,10.44,4599,3119
195,C17446_W,0.06,10.44,4600,3120
196,C17446_W,0.06,10.44,4601,3121
197,C17446_W,0.06,10.44,4602,3122
198,C17446_W,0.06,10.44,4603,3123
199,C17446_W,0.06,10.44,4604,3124
200,C17446_W,0.06,10.44,4605,3125
201,C17446_W,0.06,10.44,4606,3126
202,C17446_W,0.06,10.44,4607,3127
203,C17446_W,0.06,10.44,4608,3128
204,C17446_W,0.06,10.44,4609,3129
205,C17446_W,0.06,10.44,4610,3130
206,C17446_W,0.06,10.44,4611,3131
207,C17446_W,0.06,10.44,4612,3132
208,C17446_W,0.05,8.7,4613,3133
209,C17446_W,0.05,8.7,4614,3134
210,C17446_W,0.05,8.7,4615,3135
211,C17446_W,0.05,8.7,4616,3136
212,C17446_W,0.05,8.7,4617,3137
213,C17446_W,0.05,8.7,4618,3138
214,C17446_W,0.05,8.7,4619,3139
215,C17446_W,0.05,8.7,4620,3140
216,C17446_W,0.05,8.7,4621,3141
217,C17446_W,0.05,8.7,4622,3142
218,C17446_W,0.05,8.7,4623,3143
219,C17446_W,0.05,8.7,4624,3144
220,C17446_W,0.05,8.7,4625,3145
221,C17446_W,0.05,8.7,4626,3146
222,C17446_W,0.05,8.7,4627,3147
223,C17446_W,0.05,8.7,4628,3148
224,C17446_W,0.05,8.7,4629,3149
225,C17446_W,0.05,8.7,4630,3150
226,C17446_W,0.05,8.7,4631,3151
227,C17446_W,0.05,8.7,4632,3152
228,C17446_W,0.05,8.7,4633,3153
229,C17446_W,0.05,8.7,4634,3154
230,C17446_W,0.05,8.7,4635,3155
231,C17446_W,0.05,8.7,4636,3156
232,C17446_W,0.05,8.7,4637,3157
233,C17446_W,0.05,8.7,4638,3158
234,C17446_W,0.05,8.7,4639,3159
235,C17446_W,0.05,8.7,4640,3160
236,C17446_W,0.05,8.7,4641,3161
237,C17446_W,0.05,8.7,4642,3162
238,C17446_W,0.05,8.7,4643,3163
239,C17446_W,0.05,8.7,4644,3164
240,C17446_W,0.05,8.7,4645,3165
241,C17446_W,0.05,8.7,4646,3166
242,C17446_W,0.05,8.7,4647,3167
243,C17446_W,0.05,8.7,4648,3168
244,C17446_W,0.05,8.7,4649,3169
245,C17446_W,0.05,8.7,4650,3170
246,C17446_W,0.05,8.7,4651,3171
247,C17446_W,0.05,8.7,4652,3172
248,C17446_W,0.05,8.7,4653,3173
249,C17446_W,0.05,8.7,4654,3174
250,C17446_W,0.05,8.7,4655,3175
251,C17446_W,0.05,8.7,4656,3176
252,C17446_W,0.05,8.7,4657,3177
253,C17446_W,0.05,8.7,4658,3178
254,C17446_W,0.05,8.7,4659,3179
255,C17446_W,0.05,8.7,4660,3180
256,C17446_W,0.05,8.7,4661,3181
257,C17446_W,0.05,8.7,4662,3182
258,C17446_W,0.05,8.7,4663,3183
259,C17446_W,0.05,8.7,4664,3184
260,C17446_W,0.05,8.7,4665,3185
261,C17446_W,0.05,8.7,4666,3186
262,C17446_W,0.05,8.7,4667,3187
263,C17446_W,0.05,8.7,4668,3188
264,C17446_W,0.05,8.7,4669,3189
265,C17446_W,0.05,8.7,4670,3190
266,C17446_W,0.05,8.7,4671,3191
267,C17446_W,0.05,8.7,4672,3192
268,C17446_W,0.05,8.7,4673,3193
269,C17446_W,0.05,8.7,4674,3194
270,C17446_W,0.05,8.7,4675,3195
271,C17446_W,0.05,8.7,4676,3196
272,C17446_W,0.05,8.7,4677,3197
273,C17446_W,0.05,8.7,4678,3198
274,C17446_W,0.05,8.7,4679,3199
275,C17446_W,0.05,8.7,4680,3200
276,C17446_W,0.05,8.7,4681,3201
277,C17446_W,0.05,8.7,4682,3202
278,C17446_W,0.05,8.7,4683,3203
279,C17446_W,0.05,8.7,4684,3204
280,C17446_W,0.05,8.7,4685,3205
281,C17446_W,0.05,8.7,4686,3206
282,C17446_W,0.05,8.7,4687,3207
283,C17446_W,0.05,8.7,4688,3208
284,C17446_W,0.05,8.7,4689,3209
285,C17446_W,0.05,8.7,4690,3210
286,C17446_W,0.05,8.7,4691,3211
287,C17446_W,0.05,8.7,4692,3212
288,C17446_W,0.05,8.7,4693,3213
289,C17446_W,0.05,8.7,4694,3214
290,C17446_W,0.05,8.7,4695,3215
291,C17446_W,0.05,8.7,4696,3216
292,C17446_W,0.05,8.7,4697,3217
293,C17446_W,0.05,8.7,4698,3218
294,C17446_W,0.05,8.7,4699,3219
295,C17446_W,0.05,8.7,4700,3220
296,C17446_W,0.05,8.7,4701,3221
297,C17446_W,0.05,8.7,4702,3222
298,C17446_W,0.05,8.7,4703,3223
299,C17446_W,0.03,5.22,4704,3224
300,C17446_W,0.03,5.22,4705,3225
301,C17446_W,0.03,5.22,4706,3226
302,C17446_W,0.03,5.22,4707,3227
303,C17446_W,0.03,5.22,4708,3228
304,C17446_W,0.03,5.22,4709,3229
305,C17446_W,0.03,5.22,4710,3230
306,C17446_W,0.03,5.22,4711,3231
307,C17446_W,0.03,5.22,4712,3232
308,C17446_W,0.03,5.22,4713,3233
309,C17446_W,0.03,5.22,4714,3234
310,C17446_W,0.03,5.22,4715,3235
311,C17446_W,0.03,5.22,4716,3236
312,C17446_W,0.03,5.22,4717,3237
313,C17446_W,0.03,5.22,4718,3238
314,C17446_W,0.03,5.22,4719,3239
315,C17446_W,0.03,5.22,4720,3240
316,C17446_W,0.03,5.22,4721,3241
317,C17446_W,0.03,5.22,4722,3242
318,C17446_W,0.03,5.22,4723,3243
319,C17446_W,0.03,5.22,4724,3244
320,C17446_W,0.03,5.22,4725,3245
321,C17446_W,0.03,5.22,4726,3246
322,C17446_W,0.03,5.22,4727,3247
323,C17446_W,0.03,5.22,4728,3248
324,C17446_W,0.03,5.22,4729,3249
325,C17446_W,0.03,5.22,4730,3250
326,C17446_W,0.03,5.22,4731,3251
327,C17446_W,0.03,5.22,4732,3252
328,C17446_W,0.03,5.22,4733,3253
329,C17446_W,0.03,5.22,4734,3254
330,C17446_W,0.03,5.22,4735,3255
331,C17446_W,0.03,5.22,4736,3256
332,C17446_W,0.03,5.22,4737,3257
333,C17446_W,0.03,5.22,4738,3258
334,C17446_W,0.03,5.22,4739,3259
335,C17446_W,0.03,5.22,4740,3260
336,C17446_W,0.03,5.22,4741,3261
337,C17446_W,0.03,5.22,4742,3262
338,C17446_W,0.03,5.22,4743,3263
339,C17446_W,0.03,5.22,4744,3264
340,C17446_W,0.03,5.22,4745,3265
341,C17446_W,0.03,5.22,4746,3266
342,C17446_W,0.03,5.22,4747,3267
343,C17446_W,0.03,5.22,4748,3268
344,C17446_W,0.03,5.22,4749,3269
345,C17446_W,0.03,5.22,4750,3270
346,C17446_W,0.03,5.22,4751,3271
347,C17446_W,0.03,5.22,4752,3272
348,C17446_W,0.03,5.22,4753,3273
349,C17446_W,0.03,5.22,4754,3274
350,C17446_W,0.03,5.22,4755,3275
351,C17446_W,0.03,5.22,4756,3276
352,C17446_W,0.03,5.22,4757,3277
353,C17446_W,0.03,5.22,4758,3278
354,C17446_W,0.03,5.22,4759,3279
355,C17446_W,0.03,5.22,4760,3280
356,C17446_W,0.03,5.22,4761,3281
357,C17446_W,0.03,5.22,4762,3282
358,C17446_W,0.03,5.22,4762,3283
359,C17446_W,0.03,5.22,4762,3284
360,C17446_W,0.03,5.22,4762,3285
361,C17446_W,0.03,5.22,4762,3286
362,C17446_W,0.03,5.22,4762,3287
363,C17446_W,0.03,5.22,4762,3288
364,C17446_W,0.03,5.22,4762,3289
365,C17446_W,0.03,5.22,4762,3290
