Origin,Destin,FlightNumber,PerType,PerStart,PerEnd,DOW,TimeWindowStart,TimeWindowEnd,CurveID,CarrExlusionB2C,CarrExlusionB2B,FlightExclusionB2C,FlightExclusionB2B,fareAnchor,hardAnchor,plfthreshold,fareOffset,FirstRBDAlloc,OtherRBDAlloc,B2BTolerance,B2CTolerance,B2BBackstop,B2CBackstop,B2BFactor,SkippingFactor,DaySpan,analystName,AutoTimeRangeFlag,openingFares,OverBooking,ProfileFares,rbdPushFlag,distressInventoryFlag,seriesBlock,AutoGroup,Autobackstopflag,TbfFlag,obSeats,obFare
BOM,DEL,1127,D,08/01/2023,08/01/2023,1111111,0:00,23:59,C18946,**,**,,,Strategy_1,MIN,6.291005291,0,5,10,0,0,0,0,1,0,0,test,0,0,0,0,0,0,0,0,0,0,,
BOM,DEL,1127,D,08/02/2023,08/02/2023,1111111,0:00,23:59,C18946,**,**,,,Strategy_1,MAX,6.291005291,0,6,11,0,0,0,0,1,0,0,test,0,0,0,0,0,0,0,0,0,0,,
DEL,BOM,1128,D,08/20/2023,08/20/2023,1111111,10:00,17:00,C18946,**,**,,,Strategy_1,MIN,26,2,5,10,0,0,0,0,0.5,0,0,test,0,0,0,0,0,0,0,0,0,0,,
DEL,BOM,1128,D,08/21/2023,08/21/2023,1111111,10:00,17:00,C18946,**,**,,,Strategy_1,MIN,26,2,-99,5,0,0,0,0,0.5,0,0,test,0,0,0,0,0,0,0,0,0,0,,
DEL,BOM,1128,D,08/22/2023,08/22/2023,1111111,10:00,17:00,C18946,**,**,,,Strategy_1,MIN,31,2,-99,5,0,10000,0,10000,0.5,0,0,test,0,0,0,0,0,0,0,0,0,0,,
DEL,BOM,1128,D,08/23/2023,08/23/2023,1111111,10:00,17:00,C18946,**,**,,,Strategy_1,MIN,31,2,-99,10,0,0,0,0,0.5,0,0,test,0,0,0,0,0,0,0,0,0,0,,
DEL,BOM,1128,D,08/24/2023,08/24/2023,1111111,10:00,17:00,C18946,**,**,,,Strategy_1,MIN,31,2,5,10,0,0,0,0,0.75,0,0,test,0,0,0,0,0,0,0,0,0,0,,
BOM,DEL,1127,D,08/31/2023,08/31/2023,1111111,10:00,17:00,C18946,**,**,,,Strategy_1,MIN,21,-1,-99,5,4300,0,4300,0,1,0,0,test,0,0,0,0,0,0,0,0,0,0,,
BOM,DEL,1127,D,09/01/2023,09/01/2023,1111111,10:00,17:00,C18946,**,**,,,Strategy_1,MIN,21,-4,-99,5,4500,0,4500,0,1,0,0,test,0,0,0,0,0,0,0,0,0,0,,
BOM,DEL,1127,D,09/02/2023,09/02/2023,1111111,10:00,17:00,C18946,**,**,,,Strategy_1,MIN,21,-2,-99,5,4900,0,4900,0,1,0,0,test,0,0,0,0,0,0,0,0,0,0,,
BOM,DEL,1127,D,09/03/2023,09/03/2023,1111111,10:00,17:00,C18946,**,**,,,Strategy_1,MIN,21,2,-99,5,4900,0,4900,0,1,0,0,test,0,0,0,0,0,0,0,0,0,0,,
BOM,DEL,1127,D,09/04/2023,09/04/2023,1111111,10:00,17:00,C18946,**,**,,,Strategy_1,MIN,21,5,-99,5,4900,0,4900,0,1,0,0,test,0,0,0,0,0,0,0,0,0,0,,
BOM,DEL,1127,D,08/14/2023,08/14/2023,1111111,10:00,17:00,C18946,**,**,,,Strategy_1,MIN,1,0,5,10,0,0,0,0,1,0,0,test,0,0,0,0,0,0,0,0,0,0,,
BOM,DEL,1127,D,08/15/2023,08/15/2023,1111111,10:00,17:00,C18946,**,**,,,Strategy_1,MAX,2.058201058,0,7,14,0,0,0,0,1,0,0,test,0,0,0,0,0,0,0,0,0,0,,
BOM,DEL,1127,D,08/16/2023,08/16/2023,1111111,10:00,17:00,C18946,**,**,,,Strategy_1,MIN,1,0,5,10,0,0,0,0,1,0,0,test,0,0,0,0,0,0,0,0,0,0,,
BOM,DEL,1127,D,08/17/2023,08/17/2023,1111111,10:00,17:00,C18946,**,**,,,Strategy_1,MAX,4.174603175,0,7,14,0,0,0,0,1,0,0,test,0,0,0,0,0,0,0,0,0,0,,
BOM,DEL,1127,D,08/18/2023,08/18/2023,1111111,10:00,17:00,C18946,**,**,,,Strategy_1,MIN,1,-2,5,10,0,0,0,0,1,0,0,test,0,0,0,0,0,0,0,0,0,0,,
BOM,DEL,1127,D,08/03/2023,08/03/2023,1111111,6:00,12:00,C18946,**,**,,,Strategy_1,MIN,6.291005291,0,10,5,0,0,0,0,1,0,0,test,0,0,0,0,0,0,0,0,0,0,,
BOM,DEL,1127,D,08/04/2023,08/04/2023,1111111,6:00,12:00,C18946,**,**,,,Strategy_1,MAX,6.291005291,0,10,5,0,0,0,0,1,0,0,test,0,0,0,0,0,0,0,0,0,0,,
BOM,DEL,1127,D,08/05/2023,08/05/2023,1111111,0:00,23:59,C18946,6E,6E,,,Strategy_1,MAX,6.291005291,0,5,10,0,0,0,0,0.5,0,0,test,0,0,0,0,0,0,0,0,0,0,,
BOM,DEL,1127,D,08/06/2023,08/06/2023,1111111,6:00,12:00,C18946,**,**,,,Strategy_1,MIN,6.291005291,-2,7,10,0,0,0,0,0.5,0,0,test,0,0,0,0,0,0,0,0,0,0,,
BOM,DEL,1127,D,08/07/2023,08/07/2023,1111111,6:00,12:00,C18946,**,**,,,Strategy_1,MIN,6.291005291,1,9,10,0,0,0,0,0.5,0,0,test,0,0,0,0,0,0,0,0,0,0,,
BOM,DEL,1127,D,08/08/2023,08/08/2023,1111111,10:00,23:59,C18946,**,**,,,Strategy_1,MAX,6.291005291,-2,11,15,0,0,0,0,0.5,0,0,test,0,0,0,0,0,0,0,0,0,0,,
BOM,DEL,1127,D,08/09/2023,08/09/2023,1111111,10:00,23:59,C18946,**,**,,,Strategy_1,MAX,6.291005291,1,13,15,0,0,0,0,0.5,0,0,test,0,0,0,0,0,0,0,0,0,0,,
BOM,DEL,1127,D,08/10/2023,08/10/2023,1111111,12:00,18:00,C18946,**,**,,,Strategy_1,MIN,6.291005291,-1,15,15,0,0,0,0,0.5,0,0,test,0,0,0,0,0,0,0,0,0,0,,
BOM,DEL,1127,D,08/11/2023,08/11/2023,1111111,12:00,18:00,C18946,**,**,,,Strategy_1,MAX,1,3,5,10,0,0,0,0,0.5,0,0,test,0,0,0,0,0,0,0,0,0,0,,
BOM,DEL,1127,D,08/12/2023,08/12/2023,1111111,12:00,18:00,C18946,**,**,,,Strategy_1,MIN,16.34391534,-4,10,10,0,0,0,0,0.5,0,0,test,0,0,0,0,0,0,0,0,0,0,,
BOM,DEL,1127,D,08/13/2023,08/13/2023,1111111,12:00,18:00,C18946,**,**,,,Strategy_1,MAX,1,1,5,10,0,0,0,0,0.5,0,0,test,0,0,0,0,0,0,0,0,0,0,,
BOM,DEL,1127,D,08/19/2023,08/19/2023,1111111,10:00,17:00,C18946,**,**,,,Strategy_1,MIN,1,0,5,10,0,0,0,0,1,0,0,test,0,0,0,0,0,0,0,0,0,0,,
BOM,DEL,1127,D,08/20/2023,08/20/2023,1111111,10:00,17:00,C18946,**,**,,,Strategy_1,MIN,1,-1,-1,10,0,0,0,0,0.5,0,0,test,0,0,0,0,0,0,0,0,0,0,,
BOM,DEL,1127,D,08/21/2023,08/21/2023,1111111,10:00,17:00,C18946,**,**,,,Strategy_1,MIN,1.529100529,2,-2,5,0,0,0,0,0.5,0,0,test,0,0,0,0,0,0,0,0,0,0,,
BOM,DEL,1127,D,08/22/2023,08/22/2023,1111111,10:00,17:00,C18946,**,**,,,Strategy_1,MIN,1,2,-2,5,0,0,0,0,0.5,0,0,test,0,0,0,0,0,0,0,0,0,0,,
BOM,DEL,1127,D,08/23/2023,08/23/2023,1111111,10:00,17:00,C18946,**,**,,,Strategy_1,MIN,1,2,-3,12.5,0,0,0,0,0.5,0,0,test,0,0,0,0,0,0,0,0,0,0,,
BOM,DEL,1127,D,08/24/2023,08/24/2023,1111111,10:00,17:00,C18946,**,**,,,Strategy_1,MIN,1,2,-3,12.5,0,0,0,0,0.5,0,0,test,0,0,0,0,0,0,0,0,0,0,,
BOM,DEL,1127,D,08/25/2023,08/25/2023,1111111,10:00,17:00,C18946,**,**,,,Strategy_1,MIN,1.529100529,2,-99,6,0,0,0,0,0.75,0,0,test,0,0,0,0,0,0,0,0,0,0,,
BOM,DEL,1127,D,08/26/2023,08/26/2023,1111111,10:00,17:00,C18946,**,**,,,Strategy_1,MIN,16.87301587,2,-99,5,0,0,0,0,0.75,0,0,test,0,0,0,0,0,0,0,0,0,0,,
BOM,DEL,1127,D,08/27/2023,08/27/2023,1111111,10:00,17:00,C18946,**,**,,,Strategy_1,MIN,1.529100529,2,-99,10,0,0,0,0,0.75,0,0,test,0,0,0,0,0,0,0,0,0,0,,
BOM,DEL,1127,D,08/28/2023,08/28/2023,1111111,10:00,17:00,C18946,**,**,,,Strategy_1,MAX,1,-2,5,10,0,5000,0,5000,0.75,0,0,test,0,0,0,0,0,0,0,0,0,0,,
BOM,DEL,1127,D,08/29/2023,08/29/2023,1111111,10:00,17:00,C18946,**,**,,,Strategy_1,MAX,3.116402116,-3,5,10,0,5500,0,5500,0.75,0,0,test,0,0,0,0,0,0,0,0,0,0,,
BOM,DEL,1127,D,08/30/2023,08/30/2023,1111111,10:00,17:00,C18946,**,**,,,Strategy_1,MIN,1,-1,5,10,0,5500,0,5500,0.75,0,0,test,0,0,0,0,0,0,0,0,0,0,,
DEL,BOM,1128,D,08/01/2023,08/01/2023,9199919,0:00,23:59,C18946,**,**,,,Strategy_1,MIN,100,0,15,15,0,0,0,0,1,0,0,test,0,0,0,0,0,0,0,0,0,0,,
DEL,BOM,1128,D,08/02/2023,08/02/2023,1191191,0:00,23:59,C18946,**,**,,,Strategy_1,MAX,5.232804233,0,15,15,0,0,0,0,1,0,0,test,0,0,0,0,0,0,0,0,0,0,,
DEL,BOM,1128,D,08/03/2023,08/03/2023,1111111,0:00,23:59,C18946,**,**,,,Strategy_1,MIN,1,-1,5,15,0,0,0,0,1,0,0,test,0,0,0,0,0,0,0,0,0,0,,
DEL,BOM,1128,D,08/04/2023,08/04/2023,1111111,0:00,23:59,C18946,**,**,,,Strategy_1,MAX,17.93121693,0,5,15,0,0,0,0,1,0,0,test,0,0,0,0,0,0,0,0,0,0,,
DEL,BOM,1128,D,08/05/2023,08/05/2023,1111111,0:00,23:59,C18946,**,**,,,Strategy_1,MAX,17.4021164,-1,5,15,0,0,0,0,1,0,0,test,0,0,0,0,0,0,0,0,0,0,,
DEL,BOM,1128,D,08/06/2023,08/06/2023,1111111,0:00,23:59,C18946,**,**,,,Strategy_1,MAX,3.645502646,3,5,15,0,0,0,0,2,0,0,test,0,0,0,0,0,0,0,0,0,0,,
DEL,BOM,1128,D,08/09/2023,08/09/2023,1111111,0:00,23:59,C18946,**,**,,,Strategy_1,,,,5,10,,,,,1,0,0,test,0,0,0,0,0,0,0,0,0,0,,
DEL,BOM,1128,D,08/10/2023,08/10/2023,1111111,0:00,23:59,C18946,**,**,,,Strategy_1,,,,5,10,,,,,0.25,0,0,test,0,0,0,0,0,0,0,0,0,0,,
DEL,BOM,1128,D,08/11/2023,08/11/2023,1111111,0:00,23:59,C18946,**,**,,,Strategy_1,,,,5,10,,,,,0.4,0,0,test,0,0,0,0,0,0,0,0,0,0,,
DEL,BOM,1128,D,08/12/2023,08/12/2023,1111111,0:00,23:59,C18946,**,**,,,Strategy_2,,,,5,10,,,,,0.5,0,0,test,0,0,0,0,0,0,0,0,0,0,,
DEL,BOM,1128,D,08/13/2023,08/13/2023,1111111,0:00,23:59,C18946,**,**,,,Strategy_2,,,,5,10,,,,,0.6,0,0,test,0,0,0,0,0,0,0,0,0,0,,
DEL,BOM,1128,D,08/14/2023,08/14/2023,1111111,0:00,23:59,C18946,**,**,,,Strategy_2,,,,5,10,,,,,1,0,0,test,0,0,0,0,0,0,0,0,0,0,,
DEL,BOM,1128,D,08/15/2023,08/15/2023,1111111,0:00,23:59,C18946,**,**,,,Strategy_3,,,,5,10,,,,,0.1,0,0,test,0,0,0,0,0,0,0,0,0,0,,
DEL,BOM,1128,D,08/16/2023,08/16/2023,1111111,0:00,23:59,C18946,**,**,,,Strategy_3,,,,5,10,,,,,0.2,0,0,test,0,0,0,0,0,0,0,0,0,0,,
DEL,BOM,1128,D,08/17/2023,08/17/2023,1111111,0:00,23:59,C18946,**,**,,,Strategy_3,,,,5,10,,,,,1,0,0,test,0,0,0,0,0,0,0,0,0,0,,
BOM,JAI,1169,D,08/01/2023,08/01/2023,1111111,0:00,23:59,C18946,**,**,,,Strategy_1,MIN,26.86206897,2,5,10,0,0,0,0,0.75,0,0,test,0,0,0,0,0,0,0,0,0,0,,
BOM,DEL,1227,D,08/01/2023,08/01/2023,1111111,0:00,23:59,C097867,**,**,,,Strategy_1,MIN,100,2,5,10,0,0,0,0,0.75,0,0,test,0,0,0,0,0,0,0,0,0,0,,
JAI,BOM,1168,D,08/01/2023,08/01/2023,1111111,0:00,23:59,C18946,**,**,,,Strategy_1,MIN,100,2,5,10,0,0,0,0,0.75,0,0,test,0,0,0,0,0,0,0,0,0,0,,
BOM,DEL,1227,D,09/01/2023,09/01/2023,1111111,0:00,23:59,C18946,**,**,,,Strategy_4,,,,5,10,,,,,1,0,0,test,0,0,0,0,0,0,0,0,0,0,,
BOM,DEL,1227,D,09/02/2023,09/02/2023,1111111,6:00,23:59,C18946,**,**,,,Strategy_4,,,,5,10,,,,,0.5,0,0,test,0,0,0,0,0,0,0,0,0,0,,
BOM,DEL,1227,D,09/03/2023,09/03/2023,1111111,7:00,23:59,C18946,**,**,,,Strategy_4,,,,5,10,,,,,2,0,0,test,0,0,0,0,0,0,0,0,0,0,,
BOM,DEL,1227,D,09/04/2023,09/04/2023,1111111,8:00,23:59,C18946,**,**,,,Strategy_4,,,,5,10,,,,,1,0,0,test,0,0,0,0,0,0,0,0,0,0,,
BOM,DEL,1130,D,09/04/2023,09/04/2023,1111100,9:00,23:59,C18946,**,**,,,Strategy_4,,,,5,10,,,,,1,0,0,test,0,0,0,0,0,0,0,0,0,0,,
BOM,DEL,1130,D,09/05/2023,09/05/2023,1111111,9:00,23:59,C18946,**,**,,,Strategy_4,,,,5,10,,,,,1,0,0,test,0,0,0,0,0,0,0,0,0,0,,
BOM,DEL,1130,D,09/06/2023,09/06/2023,1111111,9:00,23:59,C18946,**,**,,,Strategy_4,,,,5,10,,,,,1,0,0,test,0,0,0,0,0,0,0,0,0,0,,
BOM,DEL,1130,D,09/07/2023,09/07/2023,1100111,9:00,23:59,C18946,**,**,,,Strategy_4,,,,5,10,,,,,1,0,0,test,0,0,0,0,0,0,0,0,0,0,,
BOM,DEL,1227,D,08/02/2023,08/02/2023,1111111,0:00,23:59,C18946,**,**,,,Strategy_1,MIN,81.45977011,2,5,10,0,0,0,0,0.75,0,0,test,0,0,0,0,0,0,0,0,0,0,,
BOM,DEL,1227,D,08/03/2023,08/03/2023,1111111,0:00,23:59,C18946,**,**,,,Strategy_1,MIN,104.4482759,2,5,10,0,0,0,0,0.75,0,0,test,0,0,0,0,0,0,0,0,0,0,,
BOM,DEL,1227,D,08/04/2023,08/04/2023,1111111,0:00,23:59,C18946,**,**,,,Strategy_1,MAX,87.20689655,2,5,10,0,0,0,0,0.75,0,0,test,0,0,0,0,0,0,0,0,0,0,,
BOM,DEL,1227,D,08/05/2023,08/05/2023,1111111,0:00,23:59,C18946,**,**,,,Strategy_1,MAX,82.03448276,2,5,10,0,0,0,0,0.75,0,0,test,0,0,0,0,0,0,0,0,0,0,,
BOM,DEL,1227,D,08/06/2023,08/06/2023,1111111,0:00,23:59,C18946,**,**,,,Strategy_1,MIN,85.48275862,2,5,10,0,0,0,0,0.75,0,0,test,0,0,0,0,0,0,0,0,0,0,,
BOM,DEL,1228,D,08/07/2023,08/07/2023,1111111,0:00,23:59,C18946,**,**,,,Strategy_1,MIN,100,2,5,10,0,0,0,0,0.75,0,0,test,0,0,0,0,0,0,0,0,0,0,,
BOM,DEL,1228,D,08/08/2023,08/08/2023,1111111,0:00,23:59,C18946,**,**,,,Strategy_1,MIN,90.08045977,2,5,10,0,0,0,0,0.75,0,0,test,0,0,0,0,0,0,0,0,0,0,,
BOM,DEL,1228,D,08/09/2023,08/09/2023,1111111,0:00,23:59,C18946,**,**,,,Strategy_1,MAX,68.81609195,2,5,10,0,0,0,0,0.75,0,0,test,0,0,0,0,0,0,0,0,0,0,,
BOM,DEL,1228,D,08/10/2023,08/10/2023,1111111,0:00,23:59,C18946,**,**,,,Strategy_1,MIN,91.8045977,2,5,10,0,0,0,0,0.75,0,0,test,0,0,0,0,0,0,0,0,0,0,,
BOM,DEL,1228,D,08/11/2023,08/11/2023,1111111,0:00,23:59,C18946,**,**,,,Strategy_1,MAX,92.95402299,2,5,10,0,0,0,0,0.75,0,0,test,0,0,0,0,0,0,0,0,0,0,,
BOM,DEL,1127,D,12/11/2023,12/11/2023,1111111,0:00,23:59,C18946,**,**,,,Strategy_1,MAX,1,2,5,10,0,0,0,0,0.75,0,0,test,0,0,0,0,0,0,0,0,0,0,,
DEL,JAI,1170,D,12/12/2023,12/12/2023,1111111,0:00,23:59,C18946,**,**,,,Strategy_1,MAX,100,2,5,10,0,0,0,0,0.75,0,0,test,0,0,0,0,0,0,0,0,0,0,,
DEL,JAI,1170,D,12/13/2023,12/13/2023,1111111,0:00,23:59,C18946,**,**,,,Strategy_1,MAX,100,2,5,10,0,0,0,0,0.75,0,0,test,0,0,0,0,0,0,0,0,0,0,,
BOM,DEL,1228,D,12/14/2023,12/14/2023,1111111,0:00,23:59,C18946,**,**,,,Strategy_1,MAX,5.942528736,2,5,10,0,0,0,0,0.75,0,0,test,0,0,0,0,0,0,0,0,0,0,,
BOM,DEL,1228,D,12/15/2023,12/15/2023,1111111,0:00,23:59,C18946,**,**,,,Strategy_1,MAX,5.885057471,2,5,10,0,0,0,0,0.75,0,0,test,0,0,0,0,0,0,0,0,0,0,,
BOM,DEL,1228,D,12/16/2023,12/16/2023,1111111,0:00,23:59,C18946,**,**,,,Strategy_1,MAX,5.827586207,2,5,10,0,0,0,0,0.75,0,0,test,0,0,0,0,0,0,0,0,0,0,,
BOM,DEL,1227,D,08/08/2023,08/08/2023,1111111,0:00,23:59,C18946,**,**,,,Strategy_1,MAX,66.51724138,2,5,10,0,0,0,0,0.75,5,0,test,0,0,0,0,0,0,0,0,0,0,,
BOM,DEL,1227,D,08/09/2023,08/09/2023,1111111,6:00,23:59,C18946,**,**,,,Strategy_1,MINO,63.64367816,0,10,5,0,0,0,0,1,8,0,test,0,0,0,0,0,0,0,0,0,0,,
BOM,DEL,1227,D,08/10/2023,08/10/2023,1111111,0:00,23:59,C18946,**,**,,,Strategy_1,MIN,60.77011494,2,-99,5,0,0,0,0,1,11,0,test,0,0,0,0,0,0,0,0,0,0,,
BOM,DEL,1227,D,08/11/2023,08/11/2023,1111111,0:00,23:59,C18946,**,**,,,Strategy_1,MINO,57.89655172,5,-99,5,0,0,0,0,1,14,0,test,0,0,0,0,0,0,0,0,0,0,,
BOM,DEL,1227,D,08/12/2023,08/12/2023,1111111,6:00,23:59,C18946,**,**,,,Strategy_1,MINO,55.02298851,0,-3,10,0,0,0,0,1,17,0,test,0,0,0,0,0,0,0,0,0,0,,
BOM,DEL,1227,D,08/13/2023,08/13/2023,1111111,0:00,23:59,C18946,**,**,,,Strategy_1,MINO,52.14942529,0,-3,14,0,0,0,0,1,20,0,test,0,0,0,0,0,0,0,0,0,0,,
BOM,DEL,1227,D,08/14/2023,08/14/2023,1111111,6:00,23:59,C18946,**,**,,,Strategy_1,MAXO,49.27586207,0,-99,10,0,0,0,0,1,10,0,test,0,0,0,0,0,0,0,0,0,0,,
BOM,DEL,1227,D,08/15/2023,08/15/2023,1111111,0:00,23:59,C18946,**,**,,,Strategy_1,MAXO,46.40229885,0,15,10,0,0,0,0,1,15,0,test,0,0,0,0,0,0,0,0,0,0,,
BOM,DEL,1227,D,08/16/2023,08/16/2023,1111111,0:00,23:59,C18946,**,**,,,Strategy_1,MAXO,43.52873563,0,-99,0,0,0,0,0,1,5,0,test,0,0,0,0,0,0,0,0,0,0,,
BOM,DEL,1227,D,08/17/2023,08/17/2023,1111111,0:00,23:59,C18946,**,**,,,Strategy_1,MAXO,40.65517241,0,-99,0,0,0,0,0,1,0,0,test,0,0,0,0,0,0,0,0,0,0,,
BOM,DEL,1327,D,08/01/2023,08/01/2023,1111111,0:00,23:59,C18946,**,**,,,Strategy_5,,,,5,10,,,,,1,0,0,test,0,0,0,0,0,0,0,0,0,0,,
BOM,DEL,1327,D,08/02/2023,08/02/2023,1111111,6:00,23:59,C18946,**,**,,,Strategy_5,,,,5,10,,,,,0.5,0,0,test,0,0,0,0,0,0,0,0,0,0,,
BOM,DEL,1327,D,08/03/2023,08/03/2023,1111111,7:00,23:59,C18946,**,**,,,Strategy_5,,,,5,10,,,,,2,0,0,test,0,0,0,0,0,0,0,0,0,0,,
BOM,DEL,1327,D,08/04/2023,08/04/2023,1111111,8:00,23:59,C18946,**,**,,,Strategy_5,,,,5,10,,,,,1,0,0,test,0,0,0,0,0,0,0,0,0,0,,
BOM,DEL,1327,D,08/05/2023,08/05/2023,1111111,9:00,23:59,C18946,**,**,,,Strategy_5,,,,5,10,,,,,1,0,0,test,0,0,0,0,0,0,0,0,0,0,,
BOM,DEL,1327,D,08/06/2023,08/06/2023,1111111,9:00,23:59,C18946,**,**,,,Strategy_5,,,,5,10,,,,,1,0,0,test,0,0,0,0,0,0,0,0,0,0,,
BOM,DEL,1327,D,08/07/2023,08/07/2023,1111111,9:00,23:59,C18946,**,**,,,Strategy_5,,,,5,10,,,,,1,0,0,test,0,0,0,0,0,0,0,0,0,0,,
BOM,DEL,1327,D,08/08/2023,08/08/2023,1111111,9:00,23:59,C18946,**,**,,,Strategy_5,,,,5,10,,,,,1,0,0,test,0,0,0,0,0,0,0,0,0,0,,
BOM,DEL,1327,D,08/09/2023,08/09/2023,1111111,9:00,23:59,C18946,**,**,,,Strategy_5,,,,5,10,,,,,1,0,0,test,0,0,0,0,0,0,0,0,0,0,,
BOM,DEL,1327,D,08/10/2023,08/10/2023,1111111,9:00,23:59,C18946,**,**,,,Strategy_5,,,,5,10,,,,,1,0,0,test,0,0,0,0,0,0,0,0,0,0,,
BOM,DEL,1327,D,08/11/2023,08/11/2023,1111111,9:00,23:59,C18946,**,**,,,Strategy_5,,,,5,10,,,,,1,0,0,test,0,0,0,0,0,0,0,0,0,0,,
BOM,DEL,1327,D,08/12/2023,08/12/2023,1111111,9:00,23:59,C18946,**,**,,,Strategy_5,,,,5,10,,,,,1,0,0,test,0,0,0,0,0,0,0,0,0,0,,
BOM,DEL,1327,D,08/13/2023,08/13/2023,1111111,0:00,23:59,C18946,**,**,,,Strategy_1,MIN,35.48275862,0,5,10,0,0,0,0,1,0,-1,test,0,0,0,0,0,0,0,0,0,0,,
BOM,DEL,1327,D,08/14/2023,08/14/2023,1111111,0:00,23:59,C18946,**,**,,,Strategy_1,MAX,41.22988506,0,6,11,0,0,0,0,1,0,-1,test,0,0,0,0,0,0,0,0,0,0,,
BOM,DEL,1327,D,08/15/2023,08/15/2023,1111111,10:00,17:00,C18946,**,**,,,Strategy_1,MINO,46.97701149,2,5,10,0,0,0,0,0.5,0,1,test,0,0,0,0,0,0,0,0,0,0,,
BOM,DEL,1327,D,08/16/2023,08/16/2023,1111111,10:00,17:00,C18946,**,**,,,Strategy_1,MAXO,29.73563218,2,-99,5,0,0,0,0,0.5,0,1,test,0,0,0,0,0,0,0,0,0,0,,
BOM,DEL,1327,D,08/17/2023,08/17/2023,1111111,10:00,17:00,C18946,**,**,,,Strategy_1,MIN,26.28735632,2,-99,5,0,10000,0,10000,0.5,0,1,test,0,0,0,0,0,0,0,0,0,0,,
BOM,DEL,1327,D,08/18/2023,08/18/2023,1111111,10:00,17:00,C18946,**,**,,,Strategy_1,MAXO,32.6091954,2,-99,10,0,0,0,0,0.5,0,-1,test,0,0,0,0,0,0,0,0,0,0,,
BOM,DEL,1327,D,08/19/2023,08/19/2023,1111111,10:00,17:00,C18946,**,**,,,Strategy_4,,,,5,10,,,,,0.5,0,-1,test,0,0,0,0,0,0,0,0,0,0,,
BOM,DEL,1327,D,08/20/2023,08/20/2023,1111111,10:00,17:00,C18946,**,**,,,Strategy_5,,,,5,5,4300,0,4300,0,1,0,-1,test,0,0,0,0,0,0,0,0,0,0,,
BOM,DEL,1327,D,08/21/2023,08/21/2023,1111111,10:00,17:00,C18946,**,**,,,Strategy_6,,,,5,5,4300,0,4300,0,1,0,0,test,0,0,0,0,0,0,0,0,0,0,,
BOM,DEL,1327,D,08/22/2023,08/22/2023,1111111,10:00,17:00,C18946,**,**,,,Strategy_6,,,,5,5,4300,0,4300,0,1,0,0,test,0,0,0,0,0,0,0,0,0,0,,
BOM,DEL,1327,D,08/23/2023,08/23/2023,1111111,10:00,17:00,C18946,**,**,,,Strategy_6,,,,5,5,4300,0,4300,0,1,0,0,test,0,0,0,0,0,0,0,0,0,0,,
BOM,DEL,1327,D,08/24/2023,08/24/2023,1111111,10:00,17:00,C18946,**,**,,,Strategy_6,,,,5,5,4300,0,4300,0,1,0,0,test,0,0,0,0,0,0,0,0,0,0,,
BOM,DEL,1327,D,08/25/2023,08/25/2023,1111111,10:00,17:00,C18946,**,**,,,Strategy_6,,,,5,5,4300,0,4300,0,1,0,-1,test,0,0,0,0,0,0,0,0,0,0,,
BOM,DEL,1327,D,08/26/2023,08/26/2023,1111111,10:00,17:00,C18946,**,**,,,Strategy_7,,,,5,5,4300,0,4300,0,1,0,0,test,1,0,0,0,0,0,0,0,0,0,,
BOM,DEL,1327,D,08/27/2023,08/27/2023,1111111,10:00,17:00,C18946,**,**,,,Strategy_7,,,,5,5,4300,0,4300,0,1,0,1,test,1,0,0,0,0,0,0,0,0,0,,
BOM,DEL,1327,D,08/28/2023,08/28/2023,1111111,10:00,17:00,C18946,**,**,,,Strategy_7,,,,5,5,4300,0,4300,0,1,0,-1,test,1,0,0,0,0,0,0,0,0,0,,
BOM,DEL,1327,D,08/29/2023,08/29/2023,1111111,10:00,17:00,C18946,**,**,,,Strategy_7,,,,5,5,4300,0,4300,0,1,0,0,test,1,0,0,0,0,0,0,0,0,0,,
BOM,DEL,1327,D,08/30/2023,08/30/2023,1111111,6:00,12:00,C18946,**,**,,,Strategy_7,,,,5,5,4300,0,4300,0,1,0,0,test,1,0,0,0,0,0,0,0,0,0,,
BOM,DEL,1427,D,08/01/2023,08/01/2023,1111111,0:00,23:59,C18946,**,**,,,Strategy_1,MIN,100.4252874,0,5,10,0,0,0,0,1,0,0,test,0,1,0,0,0,0,0,0,0,0,,
BOM,DEL,1427,D,08/02/2023,08/02/2023,1111111,0:00,23:59,C18946,**,**,,,Strategy_1,MAX,74.56321839,0,7,14,0,0,0,0,1,0,0,test,0,1,0,0,0,0,0,0,0,0,,
BOM,DEL,1427,D,08/03/2023,08/03/2023,1111111,10:00,17:00,C18946,**,**,,,Strategy_1,MIN,78.5862069,0,7,14,0,0,0,0,1,0,0,test,0,1,0,0,0,0,0,0,0,0,,
BOM,DEL,1427,D,08/04/2023,08/04/2023,1111111,10:00,17:00,C18946,**,**,,,Strategy_1,MINO,54.44827586,-2,5,10,0,0,0,0,1,0,0,test,0,1,0,0,0,0,0,0,0,0,,
BOM,DEL,1427,D,08/05/2023,08/05/2023,1111111,10:00,17:00,C18946,**,**,,,Strategy_1,MAXO,71.11494253,0,10,5,0,0,0,0,1,0,0,test,0,1,0,0,0,0,0,0,0,0,,
BOM,DEL,1427,D,08/06/2023,08/06/2023,1111111,10:00,17:00,C18946,**,**,,,Strategy_1,MAX,57.32183908,0,10,5,0,0,0,0,1,0,0,test,0,1,0,0,0,0,0,0,0,0,,
BOM,DEL,1427,D,08/07/2023,08/07/2023,1111111,10:00,17:00,C18946,**,**,,,Strategy_1,MAXO,64.2183908,0,5,10,0,0,0,0,0.5,0,0,test,0,1,0,0,0,0,0,0,0,0,,
BOM,DEL,1427,D,08/08/2023,08/08/2023,1111111,10:00,17:00,C18946,**,**,,,Strategy_1,,,,7,10,0,0,0,0,0.5,0,0,test,0,1,0,0,0,0,0,0,0,0,,
BOM,DEL,1428,D,08/01/2023,08/01/2023,1111111,10:00,17:00,C18946,**,**,,,Strategy_2,,,,9,10,0,0,0,0,0.5,0,0,test,0,1,0,0,0,0,0,0,0,0,,
BOM,DEL,1429,D,08/01/2023,08/01/2023,1111111,10:00,17:00,C18946,**,**,,,Strategy_3,,,,13,15,0,0,0,0,0.5,0,0,test,0,1,0,0,0,0,0,0,0,0,,
BOM,DEL,1430,D,08/01/2023,08/01/2023,1111111,10:00,17:00,C18946,**,**,,,Strategy_4,,,,15,15,0,0,0,0,0.5,0,0,test,0,1,0,0,0,0,0,0,0,0,,
BOM,DEL,1431,D,08/01/2023,08/01/2023,1111111,10:00,17:00,C18946,**,**,,,Strategy_5,,,,5,10,0,0,0,0,0.5,0,-1,test,0,1,0,0,0,0,0,0,0,0,,
JAI,BOM,1433,D,08/01/2023,08/01/2023,1111111,0:00,23:59,C18946,**,**,,,Strategy_1,MINO,95.82758621,0,15,10,0,0,0,0,0.5,0,0,test,0,1,0,0,0,0,0,0,0,0,,
JAI,BOM,1433,D,08/02/2023,08/02/2023,1111111,0:00,23:59,C18946,**,**,,,Strategy_1,MIN,92.95402299,0,15,10,0,0,0,0,0.5,0,0,test,0,1,0,0,0,0,0,0,0,0,,
JAI,BOM,1433,D,08/03/2023,08/03/2023,1111111,0:00,23:59,C18946,**,**,,,Strategy_1,MAXO,90.08045977,0,15,10,0,0,0,0,0.5,0,0,test,0,1,0,0,0,0,0,0,0,0,,
JAI,BOM,1433,D,08/04/2023,08/04/2023,1111111,0:00,23:59,C18946,**,**,,,Strategy_1,MAX,92.37931034,0,15,10,0,0,0,0,0.5,0,0,test,0,1,0,0,0,0,0,0,0,0,,
JAI,BOM,1433,D,08/05/2023,08/05/2023,1111111,0:00,23:59,C18946,**,**,,,Strategy_1,MAXO,91.22988506,0,15,10,0,0,0,0,0.5,0,0,test,0,1,0,0,0,0,0,0,0,0,,
JAI,BOM,1433,D,08/06/2023,08/06/2023,1111111,0:00,23:59,C18946,**,**,,,Strategy_1,MAXO,90.08045977,0,15,10,0,0,0,0,0.5,0,0,test,1,1,0,0,0,0,0,0,0,0,,
JAI,BOM,1433,D,08/07/2023,08/07/2023,1111111,0:00,23:59,C18946,**,**,,,Strategy_1,MIN,88.93103448,0,15,10,0,0,0,0,0.5,0,0,test,1,1,0,0,0,0,0,0,0,0,,
JAI,BOM,1433,D,08/08/2023,08/08/2023,1111111,0:00,23:59,C18946,**,**,,,Strategy_1,MINO,87.7816092,0,15,10,0,0,0,0,0.5,0,0,test,1,1,0,0,0,0,0,0,0,0,,
JAI,BOM,1433,D,08/09/2023,08/09/2023,1111111,0:00,23:59,C18946,**,**,,,Strategy_1,MIN,86.63218391,0,15,10,0,0,0,0,0.5,0,0,test,1,1,0,0,0,0,0,0,0,0,,
JAI,BOM,1433,D,08/10/2023,08/10/2023,1111111,0:00,23:59,C18946,**,**,,,Strategy_1,MAXO,85.48275862,0,15,10,0,0,0,0,0.5,0,0,test,1,1,0,0,0,0,0,0,0,0,,
JAI,BOM,1433,D,08/11/2023,08/11/2023,1111111,0:00,23:59,C18946,**,**,,,Strategy_1,MAX,84.33333333,0,15,10,0,0,0,0,0.5,0,0,test,1,1,0,0,0,0,0,0,0,0,,
JAI,BOM,1433,D,08/12/2023,08/12/2023,1111111,0:00,23:59,C18946,**,**,,,Strategy_1,MAXO,83.18390805,0,15,10,0,0,0,0,0.5,0,0,test,1,1,0,0,0,0,0,0,0,0,,
JAI,BOM,1433,D,08/17/2023,08/17/2023,1111111,0:00,23:59,C18946,**,**,,,Strategy_1,MAXO,83.18390805,0,15,10,0,0,0,0,0.5,0,0,test,1,1,0,0,0,0,0,0,0,0,,
DEL,JAI,1434,D,08/02/2023,08/02/2023,1111111,0:00,23:59,C18946,**,**,,,Strategy_1,MAX,97.55172414,0,15,10,0,0,0,0,0.5,0,0,test,0,0,1,0,0,0,0,0,0,0,,
DEL,JAI,1435,D,08/03/2023,08/03/2023,1111111,0:00,23:59,C18946,**,**,,,Strategy_1,MAXO,96.40229885,0,15,10,0,0,0,0,0.5,0,0,test,0,0,1,0,0,0,0,0,0,0,,
DEL,JAI,1436,D,08/04/2023,08/04/2023,1111111,0:00,23:59,C18946,**,**,,,Strategy_1,MAXO,96.97701149,0,15,10,0,0,0,0,0.5,0,0,test,0,0,1,0,0,0,0,0,0,0,,
DEL,JAI,1437,D,08/01/2023,08/01/2023,1111111,0:00,23:59,C18946,**,**,,,Strategy_1,MIN,96.97701149,0,15,10,0,0,0,0,0.5,0,0,test,0,0,1,0,0,0,0,0,0,0,,
DEL,JAI,1438,D,08/02/2023,08/02/2023,1111111,0:00,23:59,C18946,**,**,,,Strategy_1,MINO,98.70114943,0,15,10,0,0,0,0,0.5,0,0,test,0,0,0,0,0,0,0,0,0,0,,
DEL,JAI,1439,D,08/03/2023,08/03/2023,1111111,0:00,23:59,C18946,**,**,,,Strategy_1,MIN,97.55172414,0,15,10,0,0,0,0,0.5,0,0,test,0,0,1,0,0,0,0,0,0,0,,
DEL,JAI,1440,D,08/04/2023,08/04/2023,1111111,0:00,23:59,C18946,**,**,,,Strategy_1,MAXO,101,0,15,10,0,0,0,0,0.5,0,0,test,0,0,1,0,0,0,0,0,0,0,,
BOM,DEL,1351,D,08/01/2023,08/01/2023,1111111,10:00,17:00,C18946,**,**,,,Strategy_2,,,,9,10,0,0,0,0,0.5,0,0,test,0,0,0,0,0,0,0,0,0,0,,
BOM,DEL,1352,D,08/02/2023,08/02/2023,1111111,10:00,17:00,C18946,**,**,,,Strategy_3,,,,13,15,0,0,0,0,0.5,0,0,test,0,0,0,0,0,0,0,0,0,0,,
BOM,DEL,1353,D,08/03/2023,08/03/2023,1111111,10:00,17:00,C18946,**,**,,,Strategy_4,,,,15,15,0,0,0,0,0.5,0,0,test,0,0,0,0,0,0,0,0,0,0,,
BOM,DEL,1354,D,08/04/2023,08/04/2023,1111111,10:00,17:00,C18946,**,**,,,Strategy_5,,,,5,10,0,0,0,0,0.5,0,0,test,0,0,0,0,0,0,0,0,0,0,,
BOM,DEL,1355,D,08/05/2023,08/05/2023,1111111,10:00,17:00,C18946,**,**,,,Strategy_6,,,,10,10,0,0,0,0,0.5,0,0,test,0,0,0,0,0,0,0,0,0,0,,
BOM,DEL,1356,D,08/06/2023,08/06/2023,1111111,0:00,23:59,C18946,**,**,,,Strategy_1,MINO,98.70114943,0,15,10,0,0,0,0,0.5,0,0,test,0,1,0,0,0,0,0,0,0,0,,
BOM,DEL,1357,D,08/07/2023,08/07/2023,1111111,0:00,23:59,C18946,**,**,,,Strategy_1,MAX,95.82758621,0,15,10,0,0,0,0,0.5,0,0,test,0,0,0,0,0,0,0,0,0,0,,
BOM,DEL,1358,D,08/08/2023,08/08/2023,1111111,0:00,23:59,C18946,**,**,,,Strategy_1,MAXO,97.55172414,-1,15,10,0,0,0,0,0.5,0,0,test,1,0,0,0,0,0,0,0,0,0,,
BOM,DEL,1359,D,08/09/2023,08/09/2023,1111111,0:00,23:59,C18946,**,**,,,Strategy_1,MAXO,101,0,15,10,0,0,0,0,0.5,0,0,test,1,0,0,0,0,0,0,0,0,0,,
BOM,DEL,1360,D,08/10/2023,08/10/2023,1111111,0:00,23:59,C18946,**,**,,,Strategy_1,MIN,90.65517241,0,15,10,0,0,0,0,0.5,0,0,test,0,1,0,0,0,0,0,0,0,0,,
BLR,DEL,1451,D,08/01/2023,08/01/2023,1111111,10:00,17:00,C18946,**,**,,,Strategy_1,MAX,71.68965517,-4,5,10,0,0,0,0,0.5,0,-1,test,0,1,0,0,0,0,0,0,0,0,,
BLR,DEL,1452,D,08/02/2023,08/02/2023,1111111,10:00,17:00,C18946,**,**,,,Strategy_6,,,,10,10,0,0,0,0,0.5,0,0,test,0,0,0,0,0,0,0,0,0,0,,
BLR,DEL,1453,D,08/03/2023,08/03/2023,1111111,0:00,23:59,C18946,**,**,,,Strategy_1,MINO,72.83908046,0,15,10,0,0,0,0,0.5,0,0,test,0,0,0,0,0,0,0,0,0,0,,
BLR,DEL,1454,D,08/04/2023,08/04/2023,1111111,0:00,23:59,C18946,**,**,,,Strategy_1,MAX,74.56321839,0,15,10,0,0,0,0,0.5,0,0,test,0,0,0,0,0,0,0,0,0,0,,
BLR,DEL,1455,D,08/05/2023,08/05/2023,1111111,0:00,23:59,C18946,**,**,,,Strategy_1,MAXO,78.5862069,0,15,10,0,0,0,0,0.5,0,0,test,1,0,0,0,0,0,0,0,0,0,,
BLR,DEL,1456,D,08/06/2023,08/06/2023,1111111,0:00,23:59,C18946,**,**,,,Strategy_1,MAXO,54.44827586,2,15,10,0,0,0,0,0.5,0,0,test,1,0,0,0,0,0,0,0,0,0,,
BLR,DEL,1457,D,08/07/2023,08/07/2023,1111111,0:00,23:59,C18946,**,**,,,Strategy_1,MIN,71.11494253,0,15,10,0,0,0,0,0.5,0,0,test,0,1,0,0,0,0,0,0,0,0,,
BLR,DEL,1551,D,08/01/2023,08/01/2023,1111111,10:00,17:00,C18946,**,**,,,Strategy_1,MAX,71.68965517,-4,5,10,0,0,0,0,0.5,0,-1,test,0,1,0,0,0,0,0,0,0,0,,
BLR,DEL,1552,D,08/02/2023,08/02/2023,1111111,10:00,17:00,C18946,**,**,,,Strategy_6,,,,10,10,0,0,0,0,0.5,0,0,test,0,1,0,0,0,0,0,0,0,0,,
BLR,DEL,1553,D,08/03/2023,08/03/2023,1111111,0:00,23:59,C18946,**,**,,,Strategy_1,MINO,72.83908046,0,15,10,0,0,0,0,0.5,0,0,test,0,1,0,0,0,0,0,0,0,0,,
BLR,DEL,1554,D,08/04/2023,08/04/2023,1111111,0:00,23:59,C18946,**,**,,,Strategy_1,MAX,89.88888889,0,15,10,0,0,0,0,0.5,0,0,test,0,1,0,0,0,0,0,0,0,0,,
BLR,DEL,1555,D,08/05/2023,08/05/2023,1111111,0:00,23:59,C18946,**,**,,,Strategy_1,MAXO,88.66233766,0,15,10,0,0,0,0,0.5,0,0,test,1,1,0,0,0,0,0,0,0,0,,
BLR,DEL,1556,D,08/06/2023,08/06/2023,1111111,0:00,23:59,C18946,**,**,,,Strategy_1,MAXO,70.40298507,2,15,10,0,0,0,0,0.5,0,0,test,1,1,0,0,0,0,0,0,0,0,,
BLR,DEL,1557,D,08/07/2023,08/07/2023,1111111,0:00,23:59,C18946,**,**,,,Strategy_1,MIN,71.11494253,0,15,10,0,0,0,0,0.5,0,0,test,0,1,0,0,0,0,0,0,0,0,,
AMD,GWL,1558,D,08/01/2023,08/01/2023,1111111,10:00,17:00,C18946,**,**,,,Strategy_1,MAX,70.40298507,-4,5,10,0,0,0,0,0.5,0,-1,test,0,1,0,0,0,0,0,0,0,0,,
GWL,AMD,1559,D,08/02/2023,08/02/2023,1111111,10:00,17:00,C18946,**,**,,,Strategy_6,,,,10,10,0,0,0,0,0.5,0,0,test,0,0,0,0,0,0,0,0,0,0,,
BOM,DEL,1220,D,08/01/2023,08/01/2023,1111111,10:00,17:00,C18946,**,**,,,Strategy_1,MIN,99.27586207,0,15,10,0,0,0,0,0.5,0,0,test,0,0,0,0,0,0,0,0,0,0,,
BOM,DEL,1220,D,08/02/2023,08/02/2023,1111111,10:00,17:00,C18946,**,**,,,Strategy_1,MAX,81.45977011,0,15,10,0,0,0,0,0.5,0,0,test,0,0,0,0,0,0,0,0,0,0,,
BOM,DEL,1220,D,08/03/2023,08/03/2023,1111111,10:00,17:00,C18946,**,**,,,Strategy_1,MIN,35.48275862,0,15,10,0,0,0,0,0.5,0,0,test,0,0,0,0,0,0,0,0,0,0,,
BOM,DEL,1220,D,08/04/2023,08/04/2023,1111111,10:00,17:00,C18946,**,**,,,Strategy_1,MAX,78.5862069,0,15,10,0,0,0,0,0.5,0,0,test,0,0,0,0,0,0,0,0,0,0,,
BOM,DEL,1221,D,08/01/2023,08/01/2023,1111111,10:00,17:00,C18946,**,**,,,Strategy_1,MAXO,75.71264368,0,15,10,0,0,0,0,0.5,0,0,test,0,1,0,0,0,0,0,0,0,0,,
BOM,DEL,1221,D,08/02/2023,08/02/2023,1111111,10:00,17:00,C18946,**,**,,,Strategy_1,MAXO,69.96551724,0,15,10,0,0,0,0,0.5,0,0,test,0,1,0,0,0,0,0,0,0,0,,
BOM,DEL,1221,D,08/03/2023,08/03/2023,1111111,10:00,17:00,C18946,**,**,,,Strategy_1,MAXO,64.2183908,0,15,10,0,0,0,0,0.5,0,0,test,0,1,0,0,0,0,0,0,0,0,,
BOM,DEL,1221,D,08/04/2023,08/04/2023,1111111,10:00,17:00,C18946,**,**,,,Strategy_1,MAXO,58.47126437,0,15,10,0,0,0,0,0.5,0,0,test,0,1,0,0,0,0,0,0,0,0,,
BOM,DEL,1221,D,08/05/2023,08/05/2023,1111111,10:00,17:00,C18946,**,**,,,Strategy_1,MAXO,52.72413793,0,15,10,0,0,0,0,0.5,0,0,test,0,1,0,0,0,0,0,0,0,0,,
BOM,DEL,1221,D,08/06/2023,08/06/2023,1111111,10:00,17:00,C18946,**,**,,,Strategy_1,MAXO,46.97701149,0,15,10,0,0,0,0,0.5,0,0,test,0,1,0,0,0,0,0,0,0,0,,
BOM,DEL,1221,D,08/07/2023,08/07/2023,1111111,10:00,17:00,C18946,**,**,,,Strategy_1,MAXO,41.22988506,0,15,10,0,0,0,0,0.5,0,0,test,0,1,0,0,0,0,0,0,0,0,,
BOM,DEL,1230,D,09/01/2023,09/01/2023,1111111,10:00,17:00,C18946,**,**,,,Strategy_1,,,0,25,5,0,0,0,0,0.5,0,0,test,0,1,0,1,0,0,0,0,0,0,,
BOM,DEL,1230,D,09/02/2023,09/02/2023,1111111,10:00,17:00,C18946,**,**,,,Strategy_1,,,0,25,5,0,0,0,0,0.5,0,0,test,0,1,0,1,0,0,0,0,0,0,,
BOM,DEL,1230,D,09/03/2023,09/03/2023,1111111,10:00,17:00,C18946,**,**,,,Strategy_1,,,0,25,5,0,0,0,0,0.5,0,0,test,0,1,0,1,0,0,0,0,0,0,,
BOM,DEL,1230,D,09/04/2023,09/04/2023,1111111,10:00,17:00,C18946,**,**,,,Strategy_1,,,0,25,5,0,0,0,0,0.5,0,0,test,0,1,0,1,0,0,0,0,0,0,,
BOM,DEL,1230,D,09/05/2023,09/05/2023,1111111,10:00,17:00,C18946,**,**,,,Strategy_1,,,0,25,5,0,0,0,0,0.5,0,0,test,0,1,0,1,0,0,0,0,0,0,,
BOM,DEL,1230,D,09/06/2023,09/06/2023,1111111,10:00,17:00,C18946,**,**,,,Strategy_1,,,0,25,5,0,0,0,0,0.5,0,0,test,0,1,0,1,0,0,0,0,0,0,,
BOM,DEL,1230,D,09/07/2023,09/07/2023,1111111,10:00,17:00,C18946,**,**,,,Strategy_1,,,0,25,5,0,0,0,0,0.5,0,0,test,0,1,0,1,0,0,0,0,0,0,,
BOM,DEL,1230,D,09/08/2023,09/08/2023,1111111,10:00,17:00,C18946,**,**,,,Strategy_1,,,0,25,5,0,0,0,0,0.5,0,0,test,0,1,0,1,0,0,0,0,0,0,,
BOM,DEL,1230,D,09/09/2023,09/09/2023,1111111,10:00,17:00,C18946,**,**,,,Strategy_1,,,0,25,5,0,0,0,0,0.5,0,0,test,0,1,0,1,0,0,0,0,0,0,,
BOM,DEL,1230,D,09/10/2023,09/10/2023,1111111,10:00,17:00,C18946,**,**,,,Strategy_1,,,0,25,5,0,0,0,0,0.5,0,0,test,0,1,0,1,0,0,0,0,0,0,,
BOM,DEL,1230,D,09/11/2023,09/11/2023,1111111,10:00,17:00,C18946,**,**,,,Strategy_1,,,0,25,5,0,0,0,0,0.5,0,0,test,0,1,0,1,0,0,0,0,0,0,,
BOM,DEL,1230,D,09/12/2023,09/12/2023,1111111,10:00,17:00,C18946,**,**,,,Strategy_1,,,0,25,5,0,0,0,0,0.5,0,0,test,0,1,0,1,0,0,0,0,0,0,,
BOM,DEL,1230,D,09/13/2023,09/13/2023,1111111,10:00,17:00,C18946,**,**,,,Strategy_1,,,0,25,5,0,0,0,0,0.5,0,0,test,0,1,0,1,0,0,0,0,0,0,,
BOM,DEL,1230,D,09/14/2023,09/14/2023,1111111,10:00,17:00,C18946,**,**,,,Strategy_1,,,0,25,5,0,0,0,0,0.5,0,0,test,0,1,0,1,0,0,0,0,0,0,,
BOM,DEL,1230,D,09/15/2023,09/15/2023,1111111,10:00,17:00,C18946,**,**,,,Strategy_1,,,0,25,5,0,0,0,0,0.5,0,0,test,0,1,0,1,0,0,0,0,0,0,,
BOM,DEL,1420,D,08/20/2023,08/20/2023,1111111,10:00,17:00,C18946,**,**,,,Strategy_8,,,,5,5,,,4300,0,1,0,-1,test,0,1,0,1,0,0,0,0,0,0,,
BOM,DEL,1420,D,08/21/2023,08/21/2023,1111111,10:00,17:00,C18946,**,**,,,Strategy_8,,,,5,5,,,4300,0,1,0,0,test,0,1,0,0,1,0,0,0,0,0,,
BOM,DEL,1420,D,08/22/2023,08/22/2023,1111111,10:00,17:00,C18946,**,**,,,Strategy_8,,,,5,5,,,4300,0,1,0,0,test,0,1,0,0,1,0,0,0,0,0,,
BOM,DEL,1420,D,08/23/2023,08/23/2023,1111111,10:00,17:00,C18946,**,**,,,Strategy_8,,,,5,5,,,4300,0,1,0,0,test,0,1,0,1,1,0,0,0,0,0,,
BOM,DEL,1420,D,08/24/2023,08/24/2023,1111111,10:00,17:00,C18946,**,**,,,Strategy_8,,,,5,5,,,4300,0,1,0,0,test,0,1,0,1,1,0,0,0,0,0,,
BOM,DEL,1420,D,08/25/2023,08/25/2023,1111111,10:00,17:00,C18946,**,**,,,Strategy_8,,,,5,5,,,4300,0,1,0,-1,test,0,1,0,1,1,0,0,0,0,0,,
BOM,DEL,1420,D,08/26/2023,08/26/2023,1111111,10:00,17:00,C18946,**,**,,,Strategy_8,,,,5,5,,,4300,0,1,0,0,test,1,1,0,1,1,0,0,0,0,0,,
BOM,DEL,1420,D,08/03/2023,08/03/2023,1111111,7:00,23:59,C18946,**,**,,,Strategy_8,,,,5,10,,,0,0,2,0,0,test,0,1,0,1,1,0,0,0,0,0,,
BOM,DEL,1420,D,08/04/2023,08/04/2023,1111111,8:00,23:59,C18946,**,**,,,Strategy_8,,,,5,10,,,0,0,1,0,0,test,0,1,0,1,1,0,0,0,0,0,,
BOM,DEL,1420,D,08/05/2023,08/05/2023,1111111,9:00,23:59,C18946,**,**,,,Strategy_8,,,,5,10,,,0,0,1,0,0,test,0,1,0,1,1,0,0,0,0,0,,
BOM,DEL,1421,D,09/11/2023,09/11/2023,1111111,10:00,17:00,C18946,**,**,,,Strategy_8,,,,25,5,,,0,0,0.5,0,0,test,0,0,0,1,1,0,0,0,0,0,,
BOM,DEL,1421,D,09/12/2023,09/12/2023,1111111,10:00,17:00,C18946,**,**,,,Strategy_8,,,,5,50,,,0,0,0.5,0,0,test,0,0,0,1,1,0,0,0,0,0,,
BOM,DEL,1421,D,09/13/2023,09/13/2023,1111111,10:00,17:00,C18946,**,**,,,Strategy_8,,,,10,5,,,0,0,0.5,0,0,test,0,1,0,1,1,0,0,0,0,0,,
BOM,DEL,1421,D,09/14/2023,09/14/2023,1111111,10:00,17:00,C18946,**,**,,,Strategy_8,,,,50,15,,,0,0,0.5,0,0,test,0,0,0,1,1,0,0,0,0,0,,
BOM,DEL,1421,D,09/15/2023,09/15/2023,1111111,10:00,17:00,C18946,**,**,,,Strategy_8,,,,25,5,,,0,0,0.5,0,0,test,0,1,0,1,1,0,0,0,0,0,,
BOM,DEL,1422,D,08/25/2023,08/25/2023,1111111,10:00,17:00,C18946,**,**,,,Strategy_1,MIN,1.529100529,2,-99,6,,,0,0,0.75,0,0,test,0,0,0,0,1,0,0,0,0,0,,
BOM,DEL,1423,D,08/25/2023,08/25/2023,1111111,10:00,17:00,C18946,**,**,,,Strategy_1,MIN,1.529100529,2,-99,6,,,0,0,0.75,0,0,test,0,1,0,1,1,0,0,0,0,0,,
BOM,DEL,1424,D,08/23/2023,08/23/2023,1111111,10:00,17:00,C18946,**,**,,,Strategy_8,,,,-99,5,,,4300,0,1,0,0,test,0,1,0,1,1,0,0,0,0,0,,
BOM,DEL,1520,D,08/20/2023,08/20/2023,1111111,10:00,17:00,C18946,**,**,,,Strategy_8,,,,5,5,500,200,4300,0,1,0,-1,test,0,1,0,1,0,0,0,0,0,0,,
BOM,DEL,1520,D,08/21/2023,08/21/2023,1111111,10:00,17:00,C18946,**,**,,,Strategy_8,,,,5,5,300,200,4300,0,1,0,0,test,0,1,0,0,1,0,0,0,0,0,,
BOM,DEL,1520,D,08/22/2023,08/22/2023,1111111,10:00,17:00,C18946,**,**,,,Strategy_8,,,,5,5,300,150,4300,0,1,0,0,test,0,1,0,0,1,0,0,0,0,0,,
BOM,DEL,1520,D,08/23/2023,08/23/2023,1111111,10:00,17:00,C18946,**,**,,,Strategy_8,,,,5,5,4300,400,4300,0,1,0,0,test,0,1,0,1,1,0,0,0,0,0,,
BOM,DEL,1520,D,08/24/2023,08/24/2023,1111111,10:00,17:00,C18946,**,**,,,Strategy_8,,,,5,5,50,1000,4300,0,1,0,0,test,0,1,0,1,1,0,0,0,0,0,,
BOM,DEL,1520,D,08/25/2023,08/25/2023,1111111,10:00,17:00,C18946,**,**,,,Strategy_8,,,,5,5,10,2000,4300,0,1,0,-1,test,0,1,0,1,1,0,0,0,0,0,,
BOM,DEL,1520,D,08/26/2023,08/26/2023,1111111,10:00,17:00,C18946,**,**,,,Strategy_8,,,,5,5,4000,300,4300,0,1,0,0,test,1,1,0,1,1,0,0,0,0,0,,
BOM,DEL,1520,D,08/03/2023,08/03/2023,1111111,7:00,23:59,C18946,**,**,,,Strategy_8,,,,5,10,300,1340,0,0,2,0,0,test,0,1,0,1,1,0,0,0,0,0,,
BOM,DEL,1520,D,08/04/2023,08/04/2023,1111111,8:00,23:59,C18946,**,**,,,Strategy_8,,,,5,10,4300,1530,0,0,1,0,0,test,0,1,0,1,1,0,0,0,0,0,,
BOM,DEL,1520,D,08/05/2023,08/05/2023,1111111,9:00,23:59,C18946,**,**,,,Strategy_8,,,,5,10,,1720,0,0,1,0,0,test,0,1,0,1,1,0,0,0,0,0,,
BOM,DEL,1521,D,09/11/2023,09/11/2023,1111111,10:00,17:00,C18946,**,**,,,Strategy_8,,,,25,5,10,,0,0,0.5,0,0,test,0,0,0,1,1,0,0,0,0,0,,
BOM,DEL,1521,D,09/12/2023,09/12/2023,1111111,10:00,17:00,C18946,**,**,,,Strategy_8,,,,5,50,250,200,0,0,0.5,0,0,test,0,0,0,1,1,0,0,0,0,0,,
BOM,DEL,1521,D,09/13/2023,09/13/2023,1111111,10:00,17:00,C18946,**,**,,,Strategy_8,,,,10,5,200,150,0,0,0.5,0,0,test,0,1,0,1,1,0,0,0,0,0,,
BOM,DEL,1521,D,09/14/2023,09/14/2023,1111111,10:00,17:00,C18946,**,**,,,Strategy_8,,,,50,15,200,400,0,0,0.5,0,0,test,0,0,0,1,1,0,0,0,0,0,,
BOM,DEL,1521,D,09/15/2023,09/15/2023,1111111,10:00,17:00,C18946,**,**,,,Strategy_8,,,,25,5,150,300,0,0,0.5,0,0,test,0,1,0,1,1,0,0,0,0,0,,
BOM,DEL,1522,D,08/25/2023,08/25/2023,1111111,10:00,17:00,C18946,**,**,,,Strategy_1,MIN,1.529100529,2,-99,6,400,4300,0,0,0.75,0,0,test,0,0,0,0,1,0,0,0,0,0,,
BOM,DEL,1523,D,08/25/2023,08/25/2023,1111111,10:00,17:00,C18946,**,**,,,Strategy_1,MIN,1.529100529,2,-99,6,0,50,0,0,0.75,0,0,test,0,1,0,1,1,0,0,0,0,0,,
BOM,DEL,1524,D,08/23/2023,08/23/2023,1111111,10:00,17:00,C18946,**,**,,,Strategy_8,,,,-99,5,4300,10,4300,0,1,0,0,test,0,1,0,1,1,0,0,0,0,0,,
BOM,DEL,1620,D,08/24/2023,08/24/2023,1111111,10:00,17:00,C18946,**,**,,,Strategy_8,,,,5,5,50,1000,4300,0,1,0,0,test,0,1,0,1,1,0,0,0,0,0,,
BOM,DEL,2409,D,08/01/2023,08/01/2023,1111111,10:00,17:00,C18946,**,**,,,Strategy_1,MAX,81.45977011,-4,5,10,0,0,0,0,0.5,0,-1,test,0,1,0,0,0,1,0,0,0,0,,
BOM,DEL,2409,D,08/02/2023,08/02/2023,1111111,10:00,17:00,C18946,**,**,,,Strategy_6,,,,10,10,0,0,0,0,0.5,0,0,test,0,1,0,0,0,1,0,0,0,0,,
BOM,DEL,2409,D,08/03/2023,08/03/2023,1111111,0:00,23:59,C18946,**,**,,,Strategy_1,MINO,64.2183908,0,15,10,0,0,0,0,0.5,0,0,test,0,1,0,0,0,1,0,0,0,0,,
BOM,DEL,2409,D,08/04/2023,08/04/2023,1111111,0:00,23:59,C18946,**,**,,,Strategy_1,MAX,58.47126437,0,15,10,0,0,0,0,0.5,0,0,test,0,1,0,0,0,1,0,0,0,0,,
BOM,DEL,2409,D,08/05/2023,08/05/2023,1111111,0:00,23:59,C18946,**,**,,,Strategy_1,MAXO,52.72413793,0,15,10,0,0,0,0,0.5,0,0,test,1,1,0,0,0,1,0,0,0,0,,
BOM,DEL,2409,D,08/06/2023,08/06/2023,1111111,0:00,23:59,C18946,**,**,,,Strategy_1,MAXO,46.97701149,2,15,10,0,0,0,0,0.5,0,0,test,1,1,0,0,0,1,0,0,0,0,,
BOM,DEL,2415,D,08/03/2023,08/03/2023,1111111,7:00,23:59,C18946,**,**,,,Strategy_8,,,,5,10,300,1340,0,0,2,0,0,test,0,1,0,1,1,0,0,0,0,0,,
BOM,DEL,2415,D,08/04/2023,08/04/2023,1111111,8:00,23:59,C18946,**,**,,,Strategy_8,,,,5,10,4300,1530,0,0,1,0,0,test,0,1,0,0,1,0,0,0,0,0,,
BOM,DEL,2415,D,08/05/2023,08/05/2023,1111111,9:00,23:59,C18946,**,**,,,Strategy_8,,,,5,10,,1720,0,0,1,0,0,test,0,1,0,0,1,0,0,0,0,0,,
BOM,DEL,2415,D,09/15/2023,09/15/2023,1111111,10:00,17:00,C18946,**,**,,,Strategy_8,,,,25,5,150,300,0,0,0.5,0,0,test,0,1,0,1,1,0,0,0,0,0,,
BOM,DEL,2417,D,08/20/2023,08/20/2023,1111111,10:00,17:00,C18946,**,**,,,Strategy_8,,,,5,5,500,200,4300,4760,1,0,-1,test,0,1,0,1,0,0,0,0,0,0,,
BOM,DEL,2417,D,08/21/2023,08/21/2023,1111111,10:00,17:00,C18946,**,**,,,Strategy_8,,,,5,5,300,200,4300,4760,1,0,0,test,0,1,0,0,1,0,0,0,0,0,,
BOM,DEL,2417,D,08/22/2023,08/22/2023,1111111,10:00,17:00,C18946,**,**,,,Strategy_8,,,,5,5,300,150,4300,4720,1,0,0,test,0,1,0,0,1,0,0,0,0,0,,
BOM,DEL,2417,D,08/23/2023,08/23/2023,1111111,10:00,17:00,C18946,**,**,,,Strategy_8,,,,5,5,4300,400,4300,4720,1,0,0,test,0,1,0,1,1,0,0,0,0,0,,
BOM,DEL,2417,D,08/24/2023,08/24/2023,1111111,10:00,17:00,C18946,**,**,,,Strategy_8,,,,5,5,50,1000,4300,4770,1,0,0,test,0,1,0,1,1,0,0,0,0,0,,
BOM,DEL,2417,D,08/25/2023,08/25/2023,1111111,10:00,17:00,C18946,**,**,,,Strategy_8,,,,5,5,10,2000,4300,4770,1,0,-1,test,0,1,0,1,1,0,0,0,0,0,,
BOM,DEL,2417,D,08/26/2023,08/26/2023,1111111,10:00,17:00,C18946,**,**,,,Strategy_8,,,,5,5,4000,300,4300,4750,1,0,0,test,1,1,0,1,1,0,0,0,0,0,,
DEL,BOM,2417,D,08/22/2023,08/22/2023,1111111,10:00,17:00,C18946,**,**,,,Strategy_1,MIN,31,2,-99,5,0,10000,0,10000,0.5,0,0,test,0,0,0,0,0,0,0,0,0,0,,
BOM,DEL,2405,D,08/01/2023,08/01/2023,1111111,10:00,17:00,C18946,**,**,,,Strategy_1,MAX,81.45977011,-4,5,10,0,0,0,0,0.5,0,-1,test,0,1,0,0,0,1,0,0,0,0,,
BOM,DEL,2405,D,08/02/2023,08/02/2023,1111111,10:00,17:00,C18946,**,**,,,Strategy_6,,,,10,10,0,0,0,0,0.5,0,0,test,0,1,0,0,0,1,0,0,0,0,,
BOM,DEL,2405,D,08/03/2023,08/03/2023,1111111,0:00,23:59,C18946,**,**,,,Strategy_1,MINO,64.2183908,0,15,10,0,0,0,0,0.5,0,0,test,0,1,0,0,0,1,0,0,0,0,,
BOM,DEL,2405,D,08/04/2023,08/04/2023,1111111,0:00,23:59,C18946,**,**,,,Strategy_1,MAX,58.47126437,0,15,10,0,0,0,0,0.5,0,0,test,0,1,0,0,0,1,0,0,0,0,,
BOM,DEL,2405,D,08/05/2023,08/05/2023,1111111,0:00,23:59,C18946,**,**,,,Strategy_1,MAXO,52.72413793,0,15,10,0,0,0,0,0.5,0,0,test,1,1,0,0,0,1,0,0,0,0,,
BOM,DEL,2405,D,08/06/2023,08/06/2023,1111111,0:00,23:59,C18946,**,**,,,Strategy_1,MAXO,46.97701149,2,15,10,0,0,0,0,0.5,0,0,test,1,1,0,0,0,1,0,0,0,0,,
BOM,DEL,2430,D,08/03/2023,08/03/2023,1111111,7:00,23:59,C18946,**,**,,,Strategy_8,,,,5,10,300,1340,0,0,1,0,0,test,0,1,0,1,1,0,0,0,0,0,,
BOM,DEL,2431,D,08/03/2023,08/03/2023,1111111,7:00,23:59,C18946,**,**,,,Strategy_8,,,,5,10,300,1340,0,0,0.5,0,0,test,0,1,0,1,1,0,0,0,0,0,,
BOM,DEL,2432,D,08/03/2023,08/03/2023,1111111,7:00,23:59,C18946,**,**,,,Strategy_8,,,,5,10,300,1340,0,0,0.75,0,0,test,0,1,0,0,1,0,0,0,0,0,,
BOM,DEL,2433,D,08/03/2023,08/03/2023,1111111,7:00,23:59,C18946,**,**,,,Strategy_8,,,,5,10,300,1340,0,0,2,0,0,test,0,1,0,1,1,0,0,0,0,0,,
BOM,DEL,2434,D,08/03/2023,08/03/2023,1111111,7:00,23:59,C18946,**,**,,,Strategy_8,,,,5,10,300,1340,0,0,1.5,0,0,test,0,1,0,1,1,0,0,0,0,0,,
BOM,DEL,2435,D,08/03/2023,08/03/2023,1111111,7:00,23:59,C18946,**,**,,,Strategy_8,,,,5,10,300,1340,0,0,0.5,0,0,test,0,1,0,1,0,0,0,0,0,0,,
BOM,DEL,2436,D,08/03/2023,08/03/2023,1111111,7:00,23:59,C18946,**,**,,,Strategy_8,,,,5,10,300,1340,0,0,2,0,0,test,0,1,0,1,0,0,0,0,0,0,,
BOM,DEL,2437,D,08/03/2023,08/03/2023,1111111,7:00,23:59,C18946,**,**,,,Strategy_8,,,,5,10,300,1340,0,0,1,0,0,test,0,1,0,0,1,0,0,0,0,0,,
BOM,DEL,4603,D,08/01/2023,08/01/2023,1111111,0:00,23:59,C18946,**,**,,,Strategy_1,MIN,6.291005291,0,5,10,0,0,0,0,1,0,0,test,0,1,0,1,0,0,0,0,0,0,,
BOM,DEL,4613,D,08/01/2023,08/01/2023,1111111,0:00,23:59,C18946,**,**,,,Strategy_5,,,,5,10,100,200,,,1,0,0,test,0,1,0,1,0,0,0,0,0,0,,
DEL,JAI,4603,D,08/01/2023,08/01/2023,1111111,0:00,23:59,C18946,**,**,,,Strategy_1,MIN,96.97701149,0,15,10,0,500,0,0,0.5,0,0,test,0,1,1,1,0,0,0,0,0,0,,
BOM,DEL,4623,D,08/01/2023,08/01/2023,1111111,0:00,23:59,C18946,**,**,,,Strategy_1,MIN,6.291005291,0,5,10,0,1000,0,0,1,0,0,test,0,1,0,1,0,0,0,0,0,0,,
BOM,DEL,4604,D,08/03/2023,08/03/2023,1111111,7:00,23:59,C18946,**,**,,,Strategy_8,,,,5,10,300,1340,0,0,2,0,0,test,0,1,0,0,1,0,0,0,0,0,,
BOM,DEL,4604,D,08/05/2023,08/05/2023,1111111,9:00,23:59,C18946,**,**,,,Strategy_8,,,,5,10,,1720,0,0,1,0,0,test,0,1,0,0,1,0,0,0,0,0,,
BOM,DEL,4604,D,08/25/2023,08/25/2023,1111111,10:00,17:00,C18946,**,**,,,Strategy_1,MIN,1.529100529,2,-99,6,,,0,0,0.75,0,0,test,0,1,0,0,1,0,0,0,0,0,,
BOM,DEL,4604,D,08/23/2023,08/23/2023,1111111,10:00,17:00,C18946,**,**,,,Strategy_8,,,,5,5,,,4300,0,1,0,0,test,0,1,0,1,1,0,0,0,0,0,,
DEL,BOM,1434,D,08/02/2023,08/02/2023,1111111,0:00,23:59,C18946,**,**,,,Strategy_1,MAX,99.85057471,0,15,10,0,0,0,0,0.5,0,0,test,0,1,1,1,1,0,0,0,0,0,,
DEL,BOM,1435,D,08/02/2023,08/02/2023,1111111,0:00,23:59,C18946,**,**,,,Strategy_1,MAXO,96.40229885,0,15,10,0,0,0,0,0.5,0,0,test,0,1,1,1,1,0,0,0,0,0,,
DEL,BOM,1436,D,08/01/2023,08/01/2023,1111111,0:00,23:59,C18946,**,**,,,Strategy_1,MAXO,100,0,15,10,0,0,0,0,0.5,0,0,test,0,1,1,1,1,0,0,0,0,0,,
DEL,BOM,1437,D,08/01/2023,08/01/2023,1111111,0:00,23:59,C18946,**,**,,,Strategy_1,MIN,96.97701149,0,15,10,0,0,0,0,0.5,0,0,test,0,1,1,1,1,0,0,0,0,0,,
DEL,BOM,1438,D,08/02/2023,08/02/2023,1111111,0:00,23:59,C18946,**,**,,,Strategy_1,MINO,98.70114943,0,15,10,0,0,0,0,0.5,0,0,test,0,1,0,1,1,0,0,0,0,0,,
DEL,BOM,1439,D,08/03/2023,08/03/2023,1111111,0:00,23:59,C18946,**,**,,,Strategy_1,MIN,97.55172414,0,15,10,0,0,0,0,0.5,0,0,test,0,1,1,1,1,0,0,0,0,0,,
DEL,BOM,1440,D,08/01/2023,08/01/2023,1111111,0:00,23:59,C18946,**,**,,,Strategy_1,MAXO,101,0,15,10,0,0,0,0,0.5,0,0,test,0,1,1,1,1,0,0,0,0,0,,
BOM,DEL,7402,D,08/01/2023,08/01/2023,1111111,0:00,23:59,C18946,**,**,,,Strategy_1,MAXO,114.2275132,0,15,10,0,0,0,0,0.5,0,0,test,0,1,1,1,0,0,1,0,0,0,,
BOM,DEL,7403,D,08/01/2023,08/01/2023,1111111,0:00,23:59,C18946,**,**,,,Strategy_1,MAXO,119.3908046,0,15,10,0,0,0,0,0.5,0,0,test,0,1,1,1,0,0,1,0,0,0,,
BOM,DEL,7404,D,08/01/2023,08/01/2023,1111111,0:00,23:59,C18946,**,**,,,Strategy_1,MAXO,111.3448276,0,15,10,0,0,0,0,0.5,0,0,test,0,1,1,1,0,0,1,0,0,0,,
BOM,DEL,7405,D,08/01/2023,08/01/2023,1111111,0:00,23:59,C18946,**,**,,,Strategy_1,MAXO,97.55172414,0,15,10,0,0,0,0,0.5,0,0,test,0,1,1,1,0,0,1,0,0,0,,
BOM,DEL,7402,D,08/02/2023,08/02/2023,1111111,0:00,23:59,C18946,**,**,,,Strategy_1,MAXO,73.98850575,0,15,10,0,0,0,0,0.5,0,0,test,0,1,1,1,0,0,1,0,0,0,,
BOM,DEL,7403,D,08/02/2023,08/02/2023,1111111,0:00,23:59,C18946,**,**,,,Strategy_1,MAXO,69.96551724,0,15,10,0,0,0,0,0.5,0,0,test,0,1,1,1,0,0,1,0,0,0,,
BOM,DEL,7404,D,08/02/2023,08/02/2023,1111111,0:00,23:59,C18946,**,**,,,Strategy_1,MAXO,64.2183908,0,15,10,0,0,0,0,0.5,0,0,test,0,1,1,1,0,0,1,0,0,0,,
BOM,DEL,7405,D,08/02/2023,08/02/2023,1111111,0:00,23:59,C18946,**,**,,,Strategy_1,MAXO,58.47126437,0,15,10,0,0,0,0,0.5,0,0,test,0,1,1,1,0,0,1,0,0,0,,
BOM,DEL,7402,D,08/03/2023,08/03/2023,1111111,0:00,23:59,C18946,**,**,,,Strategy_1,MAXO,29.73563218,0,15,10,0,0,0,0,0.5,0,0,test,0,1,1,1,0,0,1,0,0,0,,
BOM,DEL,7403,D,08/04/2023,08/04/2023,1111111,0:00,23:59,C18946,**,**,,,Strategy_1,MAXO,29.73563218,0,15,10,0,0,0,0,0.5,0,0,test,0,1,1,1,0,0,1,0,0,0,,
BOM,DEL,1574,D,09/15/2023,09/15/2023,1111111,10:00,17:00,C18946,**,**,,,Strategy_1,MAX,80.31034483,0,10,5,150,300,0,0,0.5,0,0,test,0,0,0,0,1,0,0,0,0,0,,
BOM,DEL,1674,D,09/15/2023,09/15/2023,1111111,10:00,17:00,C18946,**,**,,,Strategy_1,MAX,3.873563218,0,25,5,150,300,0,0,0.5,0,0,test,0,0,0,0,1,0,0,0,0,0,,
BLR,AMD,1331,D,08/01/2023,08/01/2023,1111111,5:00,23:00,C18946,**,**,,,Strategy_1,,,,5,5,150,100,4050,4100,1,0,0,test,0,1,0,1,1,1,1,0,0,0,,
AMD,DEL,1606,D,08/01/2023,08/01/2023,1111111,5:00,23:00,C18946,**,**,,,Strategy_1,,,,5,5,150,100,4050,4100,1,0,0,test,0,1,0,1,1,1,1,0,0,0,,
BLR,AMD,1331,D,08/02/2023,08/02/2023,1111111,5:00,23:00,C18946,**,**,,,Strategy_1,,,,5,5,150,100,4050,4100,1,0,0,test,0,1,0,1,1,1,1,0,0,0,,
AMD,DEL,1606,D,08/02/2023,08/02/2023,1111111,5:00,23:00,C18946,**,**,,,Strategy_1,,,,5,5,100,100,2050,2100,1,0,0,test,0,1,0,1,1,1,1,0,0,0,,
BLR,AMD,1331,D,08/03/2023,08/03/2023,1111111,5:00,23:00,C18946,**,**,,,Strategy_1,,,,5,5,150,100,2050,2100,1,0,0,test,0,1,0,1,1,1,1,0,0,0,,
AMD,DEL,1606,D,08/03/2023,08/03/2023,1111111,5:00,23:00,C18946,**,**,,,Strategy_1,,,,5,5,150,100,2050,2100,1,0,0,test,0,1,0,1,1,1,1,0,0,0,,
BLR,AMD,1331,D,08/04/2023,08/04/2023,1111111,5:00,23:00,C18946,**,**,,,Strategy_1,,,,5,5,100,100,2050,2100,1,0,0,test,0,1,0,1,1,1,1,0,0,0,,
AMD,DEL,1606,D,08/04/2023,08/04/2023,1111111,5:00,23:00,C18946,**,**,,,Strategy_1,,,,5,5,150,100,2050,2100,1,0,0,test,0,1,0,1,1,1,1,0,0,0,,
BLR,AMD,1331,D,08/05/2023,08/05/2023,1111111,5:00,23:00,C18946,**,**,,,Strategy_1,,,,5,5,150,100,2050,2100,1,0,0,test,0,1,0,1,1,1,1,0,0,0,,
AMD,DEL,1606,D,08/05/2023,08/05/2023,1111111,5:00,23:00,C18946,**,**,,,Strategy_1,,,,5,5,100,100,2750,2800,0.5,0,0,test,0,1,0,1,1,0,1,0,0,0,,
BLR,AMD,1331,D,08/06/2023,08/06/2023,1111111,5:00,23:00,C18946,**,**,,,Strategy_1,,,,5,5,100,100,2750,2800,0.5,0,0,test,0,1,0,1,1,0,1,0,0,0,,
AMD,DEL,1606,D,08/06/2023,08/06/2023,1111111,5:00,23:00,C18946,**,**,,,Strategy_1,,,,5,5,100,100,2750,2800,0.5,0,0,test,0,1,0,1,1,0,1,0,0,0,,
BLR,AMD,1331,D,08/07/2023,08/07/2023,1111111,5:00,23:00,C18946,**,**,,,Strategy_1,,,,5,5,100,100,2750,2800,0.5,0,0,test,0,1,0,1,1,0,1,0,0,0,,
AMD,DEL,1606,D,08/07/2023,08/07/2023,1111111,5:00,23:00,C18946,**,**,,,Strategy_1,,,,5,5,100,100,2750,2800,0.5,0,0,test,0,1,0,1,1,0,1,0,0,0,,
BLR,AMD,1331,D,08/08/2023,08/08/2023,1111111,5:00,23:00,C18946,**,**,,,Strategy_1,,,,5,5,100,100,2750,2800,0.5,0,0,test,0,1,0,1,1,0,1,0,0,0,,
AMD,DEL,1606,D,08/08/2023,08/08/2023,1111111,5:00,23:00,C18946,**,**,,,Strategy_1,,,,5,5,100,100,2750,2800,0.5,0,0,test,0,1,0,1,1,0,1,0,0,0,,
BLR,AMD,1331,D,08/09/2023,08/09/2023,1111111,5:00,23:00,C18946,**,**,,,Strategy_1,,,,5,5,100,100,2750,2800,0.5,0,0,test,0,1,0,1,1,0,1,0,0,0,,
BOM,COK,4806,D,08/01/2023,08/01/2023,1111111,5:00,23:00,C18946,**,**,,,Strategy_1,,,,5,5,100,100,2750,2800,0.5,0,0,test,0,1,0,1,1,0,1,0,0,0,,
BOM,COK,4806,D,08/02/2023,08/02/2023,1111111,5:00,23:00,C18946,**,**,,,Strategy_1,,,,5,5,100,100,2750,2800,0.5,0,0,test,0,1,0,1,1,0,1,0,0,0,,
BOM,COK,4806,D,08/03/2023,08/03/2023,1111111,5:00,23:00,C18946,**,**,,,Strategy_1,,,,5,5,100,100,2750,2800,0.5,0,0,test,0,1,0,1,1,0,1,0,0,0,,
BOM,COK,4806,D,08/04/2023,08/04/2023,1111111,5:00,23:00,C18946,**,**,,,Strategy_1,,,,5,5,100,100,2750,2800,0.5,0,0,test,0,1,0,1,1,0,1,0,0,0,,
BOM,COK,4806,D,08/05/2023,08/05/2023,1111111,5:00,23:00,C18946,**,**,,,Strategy_1,,,,5,5,100,100,2750,2800,0.5,0,0,test,0,1,0,1,1,0,1,0,0,0,,
BOM,COK,4806,D,08/06/2023,08/06/2023,1111111,5:00,23:00,C18946,**,**,,,Strategy_1,,,,5,5,100,100,2750,2800,0.5,0,0,test,0,1,0,1,1,0,1,0,0,0,,
BOM,COK,4806,D,08/07/2023,08/07/2023,1111111,5:00,23:00,C18946,**,**,,,Strategy_1,,,,5,5,100,100,2750,2800,0.5,0,0,test,0,1,0,1,1,0,1,0,0,0,,
BOM,COK,4806,D,08/08/2023,08/08/2023,1111111,5:00,23:00,C18946,**,**,,,Strategy_1,,,,5,5,100,100,2750,2800,0.5,0,0,test,0,1,0,1,1,0,1,0,0,0,,
BOM,COK,4806,D,08/09/2023,08/09/2023,1111111,5:00,23:00,C18946,**,**,,,Strategy_1,,,,5,5,100,100,2750,2800,0.5,0,0,test,0,1,0,1,1,0,1,0,0,0,,
BOM,COK,4806,D,08/10/2023,08/10/2023,1111111,5:00,23:00,C18946,**,**,,,Strategy_1,,,,5,5,100,100,2750,2800,0.5,0,0,test,0,1,0,1,1,0,1,0,0,0,,
BOM,COK,4806,D,08/11/2023,08/11/2023,1111111,5:00,23:00,C18946,**,**,,,Strategy_1,,,,5,5,100,100,2750,2800,0.5,0,0,test,0,1,0,1,1,0,1,0,0,0,,
BOM,COK,4806,D,08/12/2023,08/12/2023,1111111,5:00,23:00,C18946,**,**,,,Strategy_1,,,,5,5,100,100,2750,2800,0.5,0,0,test,0,1,0,1,1,0,1,0,0,0,,
BOM,DEL,4820,D,08/01/2023,08/01/2023,1111111,0:00,23:59,C18946,6E/AI,6E,,,Strategy_1,MIN,80.31034483,0,5,10,0,0,0,0,1,0,0,test,0,0,0,0,0,0,0,0,0,0,,
BOM,DEL,4821,D,08/01/2023,08/01/2023,1111111,0:00,23:59,C18946,6E/I5,I5,,,Strategy_1,MIN,80.31034483,0,5,10,0,0,0,0,1,0,0,test,0,0,0,0,0,0,0,0,0,0,,
BOM,DEL,4822,D,08/01/2023,08/01/2023,1111111,0:00,23:59,C18946,UK/I5,UK,,,Strategy_1,MIN,80.31034483,0,5,10,0,0,0,0,1,0,0,test,0,0,0,0,0,0,0,0,0,0,,
BOM,DEL,4823,D,08/01/2023,08/01/2023,1111111,0:00,23:59,C18946,**,**,,,Strategy_1,MIN,80.31034483,0,5,10,0,0,0,0,1,0,0,test,0,0,0,0,0,0,0,0,0,0,,
JAI,BOM,4911,D,08/01/2023,08/01/2023,1111111,0:00,23:59,C18946,**,**,,,Strategy_1,MIN,80.31034483,0,5,10,0,0,10000,40000,1,0,0,test,0,0,0,0,0,0,0,0,0,0,,
JAI,BOM,4911,D,08/06/2023,08/06/2023,1111111,0:00,23:59,C18946,**,**,,,Strategy_1,MIN,80.31034483,0,5,10,0,0,5000,50000,1,0,0,test,0,0,0,0,0,0,0,0,0,0,,
BOM,DEL,4925,D,08/20/2023,08/20/2023,1111111,0:00,23:59,C18946,6E/I5,I5,,,Strategy_1,MIN,29.73563218,0,5,10,0,0,0,0,1,0,0,test,0,0,0,0,0,0,0,1,1,1,,
BOM,DEL,4925,D,08/21/2023,08/21/2023,1111111,0:00,23:59,C18946,UK/I5,UK,,,Strategy_1,MIN,29.73563218,0,5,10,0,0,0,0,1,0,0,test,0,0,0,1,1,0,0,1,1,1,,
BOM,DEL,4925,D,08/22/2023,08/22/2023,1111111,0:00,23:59,C18946,**,**,,,Strategy_1,MIN,80.31034483,0,5,10,0,0,0,0,1,0,0,test,0,0,0,0,0,0,0,1,1,1,,
BOM,DEL,4925,D,08/23/2023,08/23/2023,1111111,0:00,23:59,C18946,**,**,,,Strategy_1,MIN,3.873563218,0,5,10,0,0,10000,40000,1,0,0,test,0,0,0,1,0,0,0,1,1,1,,
BOM,DEL,4925,D,08/24/2023,08/24/2023,1111111,0:00,23:59,C18946,**,**,,,Strategy_1,MIN,67.09195402,0,5,10,0,0,0,0,1,0,0,test,0,0,0,0,1,0,0,1,1,1,,
BOM,DEL,4016,D,08/01/2023,08/01/2023,1111111,0:00,23:59,C18946,**,**,,,Strategy_1,MIN,86.05747126,0,5,10,0,0,0,0,1,0,0,test,0,0,0,0,1,0,0,1,1,1,,
BOM,DEL,4016,D,08/02/2023,08/02/2023,1111111,0:00,23:59,C18946,**,**,,,Strategy_1,MIN,81.45977011,0,5,10,0,0,0,0,1,0,0,test,0,0,0,0,1,0,0,1,1,1,,
BOM,DEL,4016,D,08/03/2023,08/03/2023,1111111,0:00,23:59,C18946,**,**,,,Strategy_1,MIN,78.5862069,0,5,10,0,0,0,0,1,0,0,test,0,0,0,0,1,0,0,1,1,1,,
BOM,DEL,4016,D,08/04/2023,08/04/2023,1111111,0:00,23:59,C18946,**,**,,,Strategy_1,MIN,75.71264368,0,5,10,0,0,0,0,1,0,0,test,0,0,0,0,1,0,0,1,1,1,,
BOM,DEL,4028,D,08/01/2023,08/01/2023,1111111,0:00,23:59,C18946,**,**,,,Strategy_1,,,0,5,10,0,0,0,0,1,0,0,test,0,0,0,0,1,0,0,0,0,0,,
BOM,DEL,4028,D,08/06/2023,08/06/2023,1111111,0:00,23:59,C18946,**,**,,,Strategy_1,MIN,81.45977011,0,5,10,0,0,0,0,1,0,0,test,0,0,0,0,1,0,0,0,0,0,,
BOM,DEL,4028,D,08/03/2023,08/03/2023,1111111,0:00,23:59,C18946,**,**,,,Strategy_1,MIN,81,0,5,10,0,0,0,0,1,0,0,test,0,0,0,0,1,0,0,0,0,0,,
BOM,DEL,4028,D,08/08/2023,08/08/2023,1111111,0:00,23:59,C18946,**,**,,,Strategy_1,,,0,5,10,0,0,0,0,1,0,0,test,0,0,0,0,1,0,0,0,0,0,,
BOM,DEL,4028,D,08/09/2023,08/09/2023,1111111,0:00,23:59,C18946,**,**,,,Strategy_1,MIN,86.05747126,0,5,10,0,0,0,0,1,0,0,test,0,0,0,0,1,0,0,0,0,0,,
BOM,DEL,4028,D,08/10/2023,08/10/2023,1111111,0:00,23:59,C18946,**,**,,,Strategy_1,MIN,31,0,5,10,0,0,0,0,1,0,0,test,0,0,0,0,1,0,0,0,0,0,,
BOM,DEL,4028,D,08/11/2023,08/11/2023,1111111,0:00,23:59,C18946,**,**,,,Strategy_1,10000,91,0,5,10,0,0,0,0,1,0,0,test,0,0,0,0,1,0,0,0,0,0,,
BOM,DEL,4028,D,08/12/2023,08/12/2023,1111111,0:00,23:59,C18946,**,**,,,Strategy_1,12000,3,0,5,10,0,0,0,0,1,0,0,test,0,0,0,0,1,0,0,0,0,0,,
BOM,DEL,4106,D,08/01/2023,08/01/2023,1111111,2:00,23:59,C18946,**,**,,,Strategy_1,,,,5,10,0,0,4000,4700,1,0,0,test,0,1,0,1,1,0,0,0,0,0,,
BOM,DEL,4106,D,08/02/2023,08/02/2023,1111111,3:00,23:59,C18946,**,**,,,Strategy_1,,,,5,10,0,0,2800,5800,1,0,0,test,0,1,0,1,1,0,0,0,0,0,,
BOM,DEL,4029,D,08/01/2023,08/01/2023,1111111,0:00,10:00,C18946,**,**,,,Strategy_1,MIN,100,0,5,10,0,0,4600,5500,1,0,0,test,0,0,0,0,1,0,0,0,1,0,,
BOM,DEL,4029,D,08/02/2023,08/02/2023,1111111,1:00,11:00,C18946,**,**,,,Strategy_2,MINO,100,0,5,10,0,0,10000,8600,1,0,0,test,0,1,0,1,1,0,0,0,1,0,,
BOM,DEL,4029,D,08/03/2023,08/03/2023,1111111,2:00,23:59,C18946,**,**,,,Strategy_3,MIN,100,0,5,10,0,0,4000,4700,1,0,0,test,0,1,0,1,1,0,0,0,1,0,,
BOM,DEL,4029,D,08/04/2023,08/04/2023,1111111,3:00,23:59,C18946,**,**,,,Strategy_4,MAX,100,0,5,10,0,0,2800,5800,1,0,0,test,0,1,0,1,1,0,0,0,1,0,,
BOM,DEL,4029,D,08/05/2023,08/05/2023,1111111,4:00,14:00,C18946,**,**,,,Strategy_5,MAX,100,0,5,10,0,0,2100,4000,1,0,0,test,0,1,0,1,1,0,0,0,1,0,,
BOM,DEL,4029,D,08/06/2023,08/06/2023,1111111,5:00,15:00,C18946,**,**,,,Strategy_1,,,,5,10,0,0,4500,8900,1,0,0,test,0,1,0,0,1,0,0,0,1,0,,
BOM,DEL,4029,D,08/07/2023,08/07/2023,1111111,6:00,23:59,C18946,**,**,,,Strategy_2,,,,5,10,0,0,3100,12000,1,0,0,test,0,1,0,0,1,0,0,0,1,0,,
BOM,DEL,4029,D,08/08/2023,08/08/2023,1111111,7:00,23:59,C18946,**,**,,,Strategy_3,,,,5,10,0,0,3500,4900,1,0,0,test,0,1,0,0,1,0,0,0,1,0,,
BOM,DEL,4029,D,08/09/2023,08/09/2023,1111111,8:00,23:59,C18946,**,**,,,Strategy_4,,,,5,10,0,0,3800,5100,1,0,0,test,0,1,0,0,1,0,0,0,1,0,,
BOM,DEL,4029,D,08/10/2023,08/10/2023,1111111,9:00,19:00,C18946,**,**,,,Strategy_5,,,,5,10,0,0,4000,10000,1,0,0,test,0,0,0,0,1,0,0,0,1,0,,
BOM,DEL,4029,D,08/11/2023,08/11/2023,1111111,10:00,20:00,C18946,**,**,,,Strategy_6,,,,5,10,0,0,10000,9000,1,0,0,test,0,0,0,0,1,0,0,0,1,0,,
BOM,DEL,4029,D,08/12/2023,08/12/2023,1111111,11:00,23:59,C18946,**,**,,,Strategy_7,,,,5,10,0,0,5000,8000,1,0,0,test,0,0,0,0,1,0,0,0,1,0,,
BOM,DEL,4107,D,08/03/2023,08/03/2023,1111111,7:00,23:59,C18946,**,**,,,Strategy_8,,,,5,10,300,1340,0,0,2,0,0,test,0,1,0,0,0,0,0,0,0,1,,
BOM,DEL,4107,D,08/03/2023,08/03/2023,1111111,7:00,23:59,C18946,**,**,,,Strategy_8,,,,5,10,,1340,0,0,1.5,0,0,test,0,1,0,1,1,0,0,0,0,1,,
BOM,DEL,4107,D,08/03/2023,08/03/2023,1111111,7:00,23:59,C18946,**,**,,,Strategy_8,,,,5,10,,,0,0,0.5,0,0,test,0,1,0,0,1,0,0,0,0,1,,
BOM,DEL,4107,D,08/01/2023,08/01/2023,1111111,0:00,23:59,C18946,**,**,,,Strategy_8,,,,5,10,0,0,0,0,1,0,0,test,0,1,0,1,1,0,0,0,0,1,,
BOM,DEL,4107,D,08/01/2023,08/01/2023,1111111,0:00,23:59,C18946,**,**,,,Strategy_8,,,,5,10,0,0,0,0,1,0,0,test,0,1,0,1,0,0,0,0,0,1,,
BOM,DEL,4107,D,08/01/2023,08/01/2023,1111111,0:00,23:59,C18946,**,**,,,Strategy_8,,,,5,10,0,0,0,0,1,0,0,test,0,1,0,0,1,0,0,0,0,1,,
BOM,DEL,4107,D,08/02/2023,08/02/2023,1111111,0:00,23:59,C18946,**,**,,,Strategy_8,,,,5,10,100,200,,,1,0,0,test,0,1,0,1,1,0,0,0,0,1,,
BOM,DEL,4107,D,08/02/2023,08/02/2023,1111111,0:00,23:59,C18946,**,**,,,Strategy_8,,,,5,10,100,200,,,1,0,0,test,0,1,0,1,0,0,0,0,0,1,,
BOM,DEL,4107,D,08/02/2023,08/02/2023,1111111,0:00,23:59,C18946,**,**,,,Strategy_8,,,,5,10,100,200,,,1,0,0,test,0,1,0,1,0,0,0,0,0,1,,
BOM,DEL,4107,D,08/23/2023,08/23/2023,1111111,10:00,17:00,C18946,**,**,,,Strategy_8,,,,5,5,,,4300,0,1,0,0,test,0,1,0,1,1,0,0,0,0,1,,
BOM,DEL,4107,D,08/23/2023,08/23/2023,1111111,10:00,17:00,C18946,**,**,,,Strategy_8,,,,5,5,,,4300,0,1,0,0,test,0,1,0,0,1,0,0,0,0,1,,
BOM,DEL,4107,D,08/23/2023,08/23/2023,1111111,10:00,17:00,C18946,**,**,,,Strategy_8,,,,5,5,,,4300,0,1,0,0,test,0,1,0,1,0,0,0,0,0,1,,
BOM,DEL,4124,D,08/11/2023,08/11/2023,1111111,0:00,23:59,C18946,**,**,,,Strategy_1,6000,91,10,5,10,4000,2000,0,0,1,0,0,test,0,0,0,0,1,0,0,0,0,0,,
BOM,DEL,4125,D,08/11/2023,08/11/2023,1111111,0:00,23:59,C18946,**,**,,,Strategy_1,9000,91,-10,5,10,4000,500,0,0,1,0,0,test,0,0,0,0,1,0,0,0,0,0,,
BOM,DEL,4126,D,08/11/2023,08/11/2023,1111111,0:00,23:59,C18946,**,**,,,Strategy_1,MAX,91,10,5,10,4000,500,0,0,1,0,0,test,0,0,0,0,1,0,0,0,0,0,,
BOM,DEL,4128,D,08/02/2023,08/02/2023,1111111,0:00,23:59,C18946,**,**,,,Strategy_1,13000,91,10,5,10,4000,500,0,13000,1,20,0,test,0,0,0,0,0,0,0,0,0,1,,
BOM,JAI,4203,D,08/01/2023,08/01/2023,1111111,0:00,23:59,C18946,**,**,,,Strategy_8,,,,5,10,0,0,0,0,1,0,0,test,0,1,0,1,0,0,0,0,0,0,,
BOM,JAI,4203,D,08/02/2023,08/02/2023,1111111,0:00,23:59,C18946,**,**,,,Strategy_8,,,,5,10,0,0,0,0,1,0,0,test,0,1,0,0,1,0,0,0,0,0,,
BOM,JAI,4203,D,08/03/2023,08/03/2023,1111111,0:00,23:59,C18946,**,**,,,Strategy_8,,,,5,10,100,200,,,1,0,0,test,0,1,0,1,1,0,0,0,0,0,,
BOM,JAI,4203,D,08/04/2023,08/04/2023,1111111,0:00,23:59,C18946,**,**,,,Strategy_8,,,,5,10,100,200,,,1,0,0,test,0,1,0,1,0,0,0,0,0,0,,
BOM,JAI,4203,D,08/05/2023,08/05/2023,1111111,10:00,17:00,C18946,**,**,,,Strategy_8,,,,5,10,100,200,,,1,0,0,test,0,1,0,1,0,0,0,0,0,0,,
BOM,JAI,4203,D,08/06/2023,08/06/2023,1111111,10:00,17:00,C18946,**,**,,,Strategy_8,,,,5,5,,,4300,0,1,0,0,test,0,1,0,1,1,0,0,0,0,0,,
BOM,DEL,4203,D,08/03/2023,08/03/2023,1111111,2:00,23:59,C18946,6E,**,AI-806,6E-825,Strategy_3,,,,5,10,0,0,4000,4700,1,0,0,test,0,1,0,1,1,0,0,0,1,0,,
BOM,DEL,4203,D,08/04/2023,08/04/2023,1111111,3:00,23:59,C18946,6E,**,UK-952,6E-2139,Strategy_4,,,,5,10,0,0,2800,5800,1,0,0,test,0,1,0,1,1,0,0,0,1,0,,
BOM,DEL,4203,D,08/05/2023,08/05/2023,1111111,4:00,14:00,C18946,**,**,6E-2139,UK-952,Strategy_5,,,,5,10,0,0,2100,4000,1,0,0,test,0,1,0,1,1,0,0,0,1,0,,
BOM,DEL,4203,D,08/06/2023,08/06/2023,1111111,5:00,15:00,C18946,**,**,AI-677,SG-158,Strategy_1,,,,5,10,0,0,4500,8900,1,0,0,test,0,1,0,0,1,0,0,0,1,0,,
BOM,DEL,4213,D,08/03/2023,08/03/2023,1111111,7:00,23:59,C18946,**,**,,,Strategy_8,,,,5,10,300,1340,0,12000,2,0,0,test,0,1,0,0,0,0,0,0,0,1,,
BOM,DEL,4217,D,08/04/2023,08/04/2023,1111111,5:00,15:00,C18946,**,**,,,Strategy_9,9000,90,-1,5,10,0,0,4500,8900,1,0,0,test,0,1,0,1,1,0,0,0,1,0,,
BOM,DEL,4217,D,08/05/2023,08/05/2023,1111111,7:00,23:59,C18946,**,**,,,Strategy_9,10000,90,0,5,10,300,1340,0,2500,2,0,0,test,0,1,0,1,0,0,0,0,0,1,,
BOM,DEL,4220,D,08/20/2023,08/20/2023,1111111,0:00,23:59,C18946,6E/I5,I5,,,Strategy_1,MIN,29.73563218,0,5,2,1000,2000,0,0,1,0,0,test,0,0,0,0,1,0,0,1,1,1,,
BOM,DEL,4220,D,08/21/2023,08/21/2023,1111111,0:00,23:59,C18946,UK/I5,UK,,,Strategy_9,MAX,29.73563218,0,5,10,2100,5000,0,0,1,0,0,test,0,0,0,1,1,0,0,1,1,1,,
BOM,DEL,4220,D,08/22/2023,08/22/2023,1111111,0:00,23:59,C18946,**,**,,,Strategy_4,MIN,80.31034483,0,5,10,4500,7000,0,0,1,0,0,test,0,0,0,0,0,0,0,1,1,1,,
BOM,DEL,4220,D,08/23/2023,08/23/2023,1111111,0:00,23:59,C18946,**,**,,,Strategy_1,MINO,3.873563218,0,5,10,0,8900,10000,40000,1,0,0,test,0,0,0,1,0,0,0,1,1,1,,
BOM,DEL,4220,D,08/24/2023,08/24/2023,1111111,0:00,23:59,C18946,**,**,,,Strategy_1,MAXO,67.09195402,0,5,10,4500,12000,0,0,1,0,0,test,0,0,0,1,0,0,0,1,1,1,,
BOM,DEL,5102,D,09/11/2023,09/11/2023,1111111,10:00,17:00,C18946,**,**,,,Strategy_9,3500,100,1,25,5,200,100,0,0,0.5,0,0,test,0,0,0,1,1,0,0,0,0,0,,
BOM,DEL,5102,D,09/12/2023,09/12/2023,1111111,10:00,17:00,C18946,**,**,,,Strategy_9,,,,5,50,200,100,0,0,0.5,0,0,test,0,0,0,1,1,0,0,0,0,0,,
BOM,DEL,5102,D,09/13/2023,09/13/2023,1111111,10:00,17:00,C18946,**,**,,,Strategy_9,,,,10,5,200,100,0,0,0.5,0,0,test,0,1,0,1,1,0,0,0,0,0,,
BOM,DEL,5102,D,09/14/2023,09/14/2023,1111111,10:00,17:00,C18946,**,**,,,Strategy_9,,,,50,15,200,100,0,0,0.5,0,0,test,0,0,0,0,0,0,0,0,0,0,,
BOM,DEL,5102,D,09/15/2023,09/15/2023,1111111,10:00,17:00,C18946,**,**,,,Strategy_9,,,,25,5,200,100,0,0,0.5,0,0,test,0,1,0,0,0,0,0,0,0,0,,
JAI,JSA,5106,D,08/03/2023,08/03/2023,1111111,0:00,23:59,C18946,**,**,,,Strategy_9,,,,25,5,200,100,0,0,0.5,0,0,test,0,1,0,0,0,0,0,0,0,0,,
JSA,JAI,5106,D,08/04/2023,08/04/2023,1111111,0:00,23:59,C18946,**,**,,,Strategy_9,,,,25,5,200,100,0,0,0.5,0,0,test,0,1,1,1,1,0,0,0,0,1,,
BOM,DEL,5106,D,08/04/2023,08/04/2023,1111111,0:00,23:59,C189461,**,**,,,Strategy_9,,,,25,5,200,100,0,0,0.5,0,0,test,0,1,1,1,1,0,0,0,0,1,,
JSA,JAI,5107,D,08/04/2023,08/04/2023,1111111,0:00,23:59,C18946,**,**,,,Strategy_9,,,,25,5,200,100,0,0,0.5,0,0,test,0,1,1,1,1,0,0,0,0,0,,
BLR,DEL,5107,D,08/04/2023,08/04/2023,1111111,0:00,23:59,C18946,**,**,,,Strategy_9,,,,25,5,200,100,0,0,0.5,0,0,test,0,1,1,1,1,0,0,0,0,1,,
BOM,DEL,5108,D,08/01/2023,08/01/2023,1111111,10:00,17:00,C18946,**,**,,,Strategy_9,,,,25,5,200,100,0,0,0.5,0,0,test,0,1,0,0,0,0,0,0,0,0,,
DEL,BOM,5108,D,08/01/2023,08/01/2023,1111111,10:00,17:00,C18946,**,**,,,Strategy_9,,,,25,5,200,100,0,0,0.5,0,0,test,0,1,0,0,0,0,0,0,0,0,,
BLR,DEL,5108,D,08/01/2023,08/01/2023,1111111,10:00,17:00,C18946,**,**,,,Strategy_9,,,,25,5,200,100,0,0,0.5,0,0,test,0,1,0,0,0,0,0,0,0,0,,
DEL,BLR,5108,D,08/02/2023,08/02/2023,1111111,10:00,17:00,C18946,**,**,,,Strategy_9,,,,25,5,200,100,0,0,0.5,0,0,test,0,1,0,0,0,0,0,0,0,0,,
BLR,DEL,5102,D,08/01/2023,08/01/2023,1111111,10:00,17:00,C18946,**,**,,,Strategy_9,,,,25,5,200,100,0,0,0.5,0,0,test,0,1,0,0,0,0,0,0,0,0,,
BOM,DEL,5103,D,08/01/2023,08/01/2023,1111111,10:00,17:00,C18946,**,**,,,Strategy_9,,,,25,5,200,100,0,0,0.5,0,0,test,0,1,0,0,0,0,0,0,0,0,,
BOM,DEL,5104,D,08/01/2023,08/01/2023,1111111,10:00,17:00,C18946,**,**,,,Strategy_9,,,,25,5,200,100,0,0,0.5,0,0,test,0,1,0,0,0,0,0,0,0,0,,
BOM,DEL,5105,D,08/01/2023,08/01/2023,1111111,10:00,17:00,C18946,**,**,,,Strategy_9,,,,25,5,200,100,0,0,0.5,0,0,test,0,1,0,0,0,0,0,0,0,0,,
BOM,DEL,5109,D,08/01/2023,08/01/2023,1111111,10:00,17:00,C18946,**,**,,,Strategy_9,,,,25,5,200,100,0,0,0.5,0,0,test,0,1,0,0,0,0,0,0,0,0,,
BOM,DEL,5110,D,08/01/2023,08/01/2023,1111111,10:00,17:00,C18946,**,**,,,Strategy_9,,,,25,5,200,100,0,0,0.5,0,0,test,0,1,0,0,0,0,0,0,0,0,,
BOM,JAI,5111,D,08/01/2023,08/01/2023,1111111,10:00,17:00,C18946,**,**,,,Strategy_9,,,,25,5,200,100,0,0,0.5,0,0,test,0,1,0,0,0,0,0,0,0,0,,
BOM,JAI,5112,D,08/02/2023,08/02/2023,1111111,10:00,17:00,C18946,**,**,,,Strategy_9,,,,25,5,200,100,0,0,0.5,0,0,test,0,1,0,0,0,0,0,0,0,0,,
BOM,JAI,5113,D,08/03/2023,08/03/2023,1111111,10:00,17:00,C18946,**,**,,,Strategy_9,,,,25,5,200,100,0,0,0.5,0,0,test,0,1,0,0,0,0,0,0,0,0,,
BOM,JAI,5114,D,08/04/2023,08/04/2023,1111111,10:00,17:00,C18946,**,**,,,Strategy_9,,,,25,5,200,100,0,0,0.5,0,0,test,0,1,0,0,0,0,0,0,0,0,,
BOM,DEL,5431,D,08/01/2023,08/01/2023,1111111,10:00,17:00,C18946,**,**,,,Strategy_5,,,,5,10,,,0,0,0.5,0,-1,test,0,1,0,1,1,0,0,0,0,0,,
BOM,DEL,5520,D,08/26/2023,08/26/2023,1111111,10:00,17:00,C18946,**,**,,,Strategy_8,,,,5,5,,,4300,0,1,0,0,test,1,1,0,1,1,0,0,0,0,0,,
BOM,DEL,5230,D,09/11/2023,09/11/2023,1111111,10:00,17:00,C18946,**,**,,,Strategy_1,,,,25,5,0,,0,0,0.5,0,0,test,0,1,0,1,0,0,0,0,0,0,,
DEL,BOM,5440,D,08/01/2023,08/01/2023,1111111,0:00,23:59,C18946,**,**,,,Strategy_1,MAXO,101,0,15,10,,0,0,0,0.5,0,0,test,0,1,1,1,1,0,0,0,0,0,,
BOM,JAI,5203,D,08/02/2023,08/02/2023,1111111,0:00,23:59,C18946,**,**,,,Strategy_8,,,,5,10,0,0,0,0,1,0,0,test,0,1,0,1,1,0,0,0,0,0,,
JAI,BOM,5433,D,08/02/2023,08/02/2023,1111111,0:00,23:59,C18946,**,**,,,Strategy_1,MIN,92.95402299,0,15,10,0,0,0,0,0.5,0,0,test,0,1,0,0,0,0,0,0,0,0,,
BOM,DEL,5432,D,08/01/2023,08/01/2023,1111111,10:00,17:00,C18946,**,**,,,Strategy_5,,,,5,10,300,,0,0,0.5,0,-1,test,0,1,0,1,1,0,0,0,0,0,,
BOM,INR,1127,D,08/01/2023,08/01/2023,1111111,0:00,23:59,C18946,**,**,,,Strategy_1,MIN,6.291005291,0,5,10,0,0,0,0,1,0,0,test,0,0,0,0,0,0,0,0,0,0,,
BOM,INR,4028,D,08/01/2023,08/01/2023,1111111,0:00,23:59,C18946,**,**,,,Strategy_1,,,0,5,10,0,0,0,0,1,0,0,test,0,0,0,0,1,0,0,0,0,0,,
BOM,INR,7402,D,08/02/2023,08/02/2023,1111111,0:00,23:59,C18946,**,**,,,Strategy_1,MAXO,73.98850575,0,15,10,0,0,0,0,0.5,0,0,test,0,1,1,1,0,0,1,0,0,0,,
BOM,INR,4016,D,08/02/2023,08/02/2023,1111111,0:00,23:59,C18946,**,**,,,Strategy_1,MIN,81.45977011,0,5,10,0,0,0,0,1,0,0,test,0,0,0,0,1,0,0,1,1,1,,
BOM,INR,1220,D,08/03/2023,08/03/2023,1111111,10:00,17:00,C18946,**,**,,,Strategy_1,MIN,35.48275862,0,15,10,0,0,0,0,0.5,0,0,test,0,0,0,0,0,0,0,0,0,0,,
BOM,INR,4016,D,08/03/2023,08/03/2023,1111111,0:00,23:59,C18946,**,**,,,Strategy_1,MIN,78.5862069,0,5,10,0,0,0,0,1,0,0,test,0,0,0,0,1,0,0,1,1,1,,
BOM,INR,5113,D,08/03/2023,08/03/2023,1111111,10:00,17:00,C18946,**,**,,,Strategy_9,,,,25,5,200,100,0,0,0.5,0,0,test,0,1,0,0,0,0,0,0,0,0,,
BOM,INR,1427,D,08/03/2023,08/03/2023,1111111,10:00,17:00,C18946,**,**,,,Strategy_1,MIN,78.5862069,0,7,14,0,0,0,0,1,0,0,test,0,1,0,0,0,0,0,0,0,0,,
BOM,INR,4107,D,08/03/2023,08/03/2023,1111111,7:00,23:59,C18946,**,**,,,Strategy_8,,,,5,10,300,1340,0,0,2,0,0,test,0,1,0,0,0,0,0,0,0,1,,
BOM,INR,7403,D,08/02/2023,08/02/2023,1111111,0:00,23:59,C18946,**,**,,,Strategy_1,MAXO,69.96551724,0,15,10,0,0,0,0,0.5,0,0,test,0,1,1,1,0,0,1,0,0,0,,
BOM,INR,1227,D,09/02/2023,09/02/2023,1111111,6:00,23:59,C18946,**,**,,,Strategy_4,,,,5,10,,,,,0.5,0,0,test,0,0,0,0,0,0,0,0,0,0,,
BOM,INR,5302,D,08/01/2023,08/01/2023,1111111,10:00,17:00,C18946,**,**,,,Strategy_5,,,,5,10,0,0,0,0,0.5,0,-1,test,0,1,1,0,0,0,0,0,0,0,4,12000
BOM,INR,5303,D,08/01/2023,08/01/2023,1111111,10:00,17:00,C18946,**,**,,,Strategy_5,,,,5,10,0,0,0,0,0.5,0,-1,test,0,1,1,0,0,0,0,0,0,0,4,5000
BOM,INR,5302,D,08/02/2023,08/02/2023,1111111,0:00,23:59,C18946,**,**,,,Strategy_1,MINO,98.70114943,0,15,10,0,0,0,0,0.5,0,0,test,0,0,1,0,0,0,0,0,0,0,4,15000
BOM,INR,5303,D,08/02/2023,08/02/2023,1111111,0:00,23:59,C18946,**,**,,,Strategy_1,MINO,98.70114943,0,15,10,0,0,0,0,0.5,0,0,test,0,0,1,0,0,0,0,0,0,0,4,7000
BOM,INR,5302,D,08/03/2023,08/03/2023,1111111,0:00,23:59,C18946,**,**,,,Strategy_1,MIN,97.55172414,0,15,10,0,0,0,0,0.5,0,0,test,0,0,1,0,0,0,0,0,0,0,4,150
BOM,INR,5303,D,08/03/2023,08/03/2023,1111111,0:00,23:59,C18946,**,**,,,Strategy_1,MIN,97.55172414,0,15,10,0,0,0,0,0.5,0,0,test,0,0,1,0,0,0,0,0,0,0,4,70000
BOM,DEL,5302,D,08/01/2023,08/01/2023,1111111,0:00,23:59,C18946,**,**,,,Strategy_5,,,,5,10,,,,,1,0,0,test,0,0,1,0,0,0,0,0,0,0,4,15000
BOM,DEL,5303,D,08/01/2023,08/01/2023,1111111,10:00,17:00,C18946,**,**,,,Strategy_2,,,,9,10,0,0,0,0,0.5,0,0,test,0,1,1,0,0,0,0,0,0,0,4,15000
BOM,DEL,5205,D,08/23/2023,08/23/2023,1111111,10:00,17:00,C18946,**,**,,,Strategy_8,,,,5,5,,,4300,0,1,0,0,test,0,1,0,1,0,0,0,0,0,1,,
BOM,DEL,5205,D,08/02/2023,08/02/2023,1111111,0:00,23:59,C18946,**,**,,,Strategy_1,13000,91,10,5,10,4000,500,0,13000,1,20,0,test,0,0,0,0,1,0,0,0,0,1,,
BOM,DEL,5205,D,08/03/2023,08/03/2023,1111111,7:00,23:59,C18946,**,**,,,Strategy_8,,,,5,10,300,1340,0,12000,2,0,0,test,0,1,0,0,1,0,0,0,0,1,,
BOM,DEL,5205,D,08/05/2023,08/05/2023,1111111,7:00,23:59,C18946,**,**,,,Strategy_9,10000,90,0,5,10,300,1340,0,2500,2,0,0,test,0,1,0,1,0,0,0,0,0,1,,
BOM,DEL,5205,D,08/20/2023,08/20/2023,1111111,0:00,23:59,C18946,6E/I5,I5,,,Strategy_1,MIN,29.73563218,0,5,2,1000,2000,0,0,1,0,0,test,0,0,0,0,1,0,0,1,1,1,,
BOM,DEL,5205,D,08/21/2023,08/21/2023,1111111,0:00,23:59,C18946,UK/I5,UK,,,Strategy_9,MAX,29.73563218,0,5,10,2100,5000,0,0,1,0,0,test,0,0,0,1,1,0,0,1,1,1,,
BOM,DEL,5205,D,08/22/2023,08/22/2023,1111111,0:00,23:59,C18946,**,**,,,Strategy_4,MIN,80.31034483,0,5,10,4500,7000,0,0,1,0,0,test,0,0,0,0,0,0,0,1,1,1,,
BOM,INR,1433,D,08/04/2023,08/04/2023,1111111,0:00,23:59,C18946,**,**,,,Strategy_1,MAX,92.37931034,0,15,10,0,0,0,0,0.5,0,0,test,0,1,0,0,0,0,0,0,0,0,4,15000
BOM,INR,4217,D,08/04/2023,08/04/2023,1111111,5:00,15:00,C18946,**,**,,,Strategy_9,9000,90,-1,5,10,0,0,4500,8900,1,0,0,test,0,1,0,1,1,0,0,0,1,0,4,15000
BLR,DEL,5310,D,08/01/2023,08/01/2023,1111111,10:00,17:00,C18946,**,**,,,Strategy_1,MAX,71.68965517,-4,5,10,0,0,0,0,0.5,0,-1,test,0,1,0,0,0,0,0,0,0,0,,
BOM,DEL,5310,D,08/01/2023,08/01/2023,1111111,10:00,17:00,C18946,**,**,,,Strategy_4,,,,15,15,0,0,0,0,0.5,0,0,test,0,1,0,0,0,0,0,0,0,0,,
BOM,DEL,5310,D,08/17/2023,08/17/2023,1111111,0:00,23:59,C18946,**,**,,,Strategy_1,MAXO,40.65517241,0,-99,0,0,0,0,0,1,0,0,test,0,0,0,0,0,0,0,0,0,0,,
JAI,BOM,5310,D,08/17/2023,08/17/2023,1111111,0:00,23:59,C18946,**,**,,,Strategy_1,MAXO,83.18390805,0,15,10,0,0,0,0,0.5,0,0,test,1,1,0,0,0,0,0,0,0,0,,
